City,Date,PM2.5,PM10,NO2,SO2,CO,O3,Temperature,Humidity,Wind Speed,Aerosol_Proxy,Hygro_Score
Mumbai,2023-03-16,119.7,130.52,10.96,33.03,7.74,38.65,23.15,99.97,7.71,124.02799999999999,123.9907916
Mumbai,2023-08-28,65.36,133.71,67.95,22.34,7.46,156.39,-4.71,57.95,13.95,92.70000000000002,53.71965000000001
Mumbai,2023-02-15,53.54,101.44,96.54,21.05,3.31,187.25,10.27,95.18,3.96,72.69999999999999,69.19586
Mumbai,2023-10-18,89.49,22.58,77.46,46.77,8.69,37.15,-2.42,61.29,5.27,62.726,38.4447654
Mumbai,2023-05-22,37.66,122.96,60.73,24.27,2.71,188.61,28.2,29.19,18.52,71.78,20.952582
Mumbai,2023-08-23,77.45,151.21,14.56,5.74,6.17,147.87,-7.47,52.02,8.94,106.95400000000001,55.6374708
Mumbai,2023-06-26,144.95,158.4,90.01,1.89,1.8,73.86,38.4,48.53,11.91,150.32999999999998,72.95514899999999
Mumbai,2023-06-10,114.16,73.74,25.42,19.3,0.19,124.68,32.84,27.76,16.7,97.99199999999999,27.2025792
Mumbai,2023-05-22,76.49,157.45,33.55,17.71,2.43,124.68,1.07,54.9,0.72,108.874,59.77182599999999
Mumbai,2023-03-13,142.55,189.38,7.66,7.98,6.92,56.56,16.42,91.71,5.17,161.28199999999998,147.91172219999996
Mumbai,2023-11-25,17.6,75.31,92.86,28.39,6.18,94.76,39.72,18.08,6.42,40.684000000000005,7.3556672
Mumbai,2023-07-18,59.78,118.64,27.66,1.68,8.25,130.26,4.61,22.35,17.07,83.32400000000001,18.622914
Mumbai,2023-04-02,137.45,139.03,9.83,32.12,7.98,39.71,22.13,18.63,7.13,138.082,25.7246766
Mumbai,2023-02-12,24.74,118.36,74.05,10.81,0.7,188.08,19.58,67.09,8.58,62.188,41.721929200000005
Mumbai,2023-06-10,77.87,147.55,89.94,48.73,3.73,148.15,13.93,72.03,16.94,105.74200000000002,76.16596260000001
Mumbai,2023-09-10,92.5,119.5,75.74,5.59,9.29,148.59,-1.85,74.31,2.31,103.30000000000001,76.76223
Mumbai,2023-01-23,103.6,195.23,29.6,39.41,0.42,66.51,22.86,99.51,13.05,140.252,139.5647652
Mumbai,2023-07-21,94.08,126.1,77.93,21.81,9.28,53.86,20.44,54.66,5.61,106.888,58.4249808
Mumbai,2023-11-15,79.53,77.39,7.51,27.17,7.66,105.85,19.35,20.07,11.96,78.674,15.7898718
Mumbai,2023-08-22,65.84,65.08,79.6,19.01,4.8,17.13,6.2,93.99,19.44,65.536,61.5972864
Mumbai,2023-04-28,121.12,137.14,37.72,40.55,1.18,58.23,-8.02,84.34,9.02,127.52799999999999,107.5571152
Mumbai,2023-10-17,73.95,47.48,73.92,25.2,5.56,98.36,20.99,51.44,8.35,63.361999999999995,32.593412799999996
Mumbai,2023-04-09,129.91,55.89,54.35,42.13,5.56,91.93,-3.78,31.54,17.33,100.30199999999999,31.635250799999998
Mumbai,2023-02-25,8.44,32.02,42.87,38.19,5.53,162.81,2.72,68.97,2.04,17.872,12.3263184
Mumbai,2023-04-07,21.66,142.5,60.19,11.8,2.1,172.24,17.67,90.82,19.15,69.996,63.570367199999986
Mumbai,2023-10-02,95.61,38.19,41.1,48.97,2.33,171.31,-0.88,14.22,11.04,72.642,10.329692399999999
Mumbai,2023-06-15,51.61,61.59,42.6,30.9,1.3,193.39,5.86,49.18,2.75,55.602000000000004,27.345063600000003
Mumbai,2023-04-08,46.13,95.71,73.05,36.4,1.26,95.94,-6.06,46.11,3.94,65.962,30.415078200000004
Mumbai,2023-06-07,47.7,109.37,15.81,26.87,4.06,101.61,25.4,66.63,18.14,72.36800000000001,48.218798400000004
Mumbai,2023-05-19,44.25,22.72,99.9,45.99,7.74,179.13,11.66,84.32,4.14,35.638,30.049961599999996
Mumbai,2023-06-17,137.03,172.77,70.02,39.09,3.2,155.27,30.13,20.07,5.74,151.32600000000002,30.3711282
Mumbai,2023-02-26,98.86,134.37,89.32,9.9,6.36,178.1,-1.43,76.01,6.94,113.064,85.9399464
Mumbai,2023-06-23,18.44,111.27,6.68,1.7,2.81,169.71,12.6,97.28,13.11,55.572,54.060441600000004
Mumbai,2023-03-13,104.22,192.12,65.04,40.25,6.17,129.81,2.15,63.79,9.86,139.38,88.910502
Mumbai,2023-12-26,26.9,38.99,23.99,11.31,8.27,123.27,-4.84,25.67,15.21,31.735999999999997,8.1466312
Mumbai,2023-09-04,48.1,44.86,87.04,19.36,0.17,148.11,15.91,41.07,4.84,46.804,19.2224028
Mumbai,2023-04-07,139.59,82.7,76.45,28.55,6.43,30.91,1.67,18.19,11.87,116.834,21.252104600000003
Mumbai,2023-08-04,41.52,166.09,6.59,23.87,3.6,14.39,5.69,10.51,4.39,91.34800000000001,9.600674800000002
Mumbai,2023-12-28,141.04,101.91,16.8,12.0,5.4,196.22,0.84,20.08,11.33,125.388,25.1779104
Mumbai,2023-02-15,105.39,105.63,49.45,13.38,7.64,115.88,10.37,14.75,17.93,105.48599999999999,15.559184999999998
Mumbai,2023-09-19,89.39,124.83,88.82,7.57,9.72,151.68,0.95,38.28,18.32,103.566,39.64506480000001
Mumbai,2023-05-18,72.43,198.37,86.56,31.78,4.38,188.16,21.95,50.11,12.7,122.80600000000001,61.53808660000001
Mumbai,2023-01-25,47.54,45.47,83.6,15.8,6.43,170.52,11.18,11.56,4.59,46.711999999999996,5.3999072
Mumbai,2023-07-03,90.08,128.64,42.02,23.73,5.4,28.17,-6.44,20.69,16.47,105.50399999999999,21.8287776
Mumbai,2023-01-04,92.84,155.11,8.99,11.29,2.22,71.12,6.97,95.96,3.47,117.74800000000002,112.9909808
Mumbai,2023-12-26,21.62,34.16,77.69,21.54,2.37,77.73,-7.71,58.44,7.87,26.636,15.5660784
Mumbai,2023-04-08,18.89,148.39,40.34,49.04,8.43,40.36,4.82,13.03,14.85,70.69,9.210906999999999
Mumbai,2023-01-10,148.46,149.98,16.3,8.3,2.18,187.58,16.22,84.57,3.23,149.068,126.06680759999999
Mumbai,2023-12-21,132.91,106.89,96.33,47.99,2.01,32.71,-9.58,15.82,14.18,122.502,19.3798164
Mumbai,2023-01-14,45.37,53.48,40.95,29.24,5.2,94.79,31.23,54.25,1.52,48.614,26.373095
Mumbai,2023-01-10,60.21,114.56,29.96,10.91,4.77,176.07,24.28,92.27,4.28,81.95,75.615265
Mumbai,2023-12-06,67.64,113.92,18.09,6.51,1.13,111.37,-0.47,15.84,12.89,86.152,13.646476799999999
Mumbai,2023-01-24,10.25,137.16,41.98,14.02,2.24,92.63,9.9,75.36,7.24,61.014,45.98015040000001
Mumbai,2023-06-09,138.83,127.2,13.13,31.24,9.54,99.14,12.22,89.12,10.58,134.178,119.5794336
Mumbai,2023-12-02,70.15,116.39,91.99,3.58,1.92,46.09,24.86,45.46,15.04,88.64600000000002,40.298471600000006
Mumbai,2023-03-19,37.56,177.99,5.16,33.63,4.07,156.06,-9.39,25.59,13.83,93.73200000000001,23.986018800000004
Mumbai,2023-10-10,117.41,143.88,55.75,25.2,9.1,178.16,3.44,15.01,15.13,127.99799999999999,19.2124998
Mumbai,2023-05-23,144.17,47.27,27.08,39.2,4.36,114.13,-7.54,35.71,7.1,105.41,37.641911
Mumbai,2023-06-28,119.33,31.89,34.13,43.53,4.53,99.96,-3.01,91.41,8.34,84.354,77.10799139999999
Mumbai,2023-08-10,141.79,16.39,32.94,6.42,7.66,193.49,36.84,12.81,16.32,91.63,11.737802999999998
Mumbai,2023-05-05,28.47,33.64,19.58,12.09,4.58,87.43,25.4,21.48,1.53,30.537999999999997,6.559562399999999
Mumbai,2023-02-17,31.36,131.57,64.85,18.61,3.75,10.1,37.13,76.84,4.36,71.444,54.89756960000001
Mumbai,2023-12-20,7.55,139.57,10.66,40.0,3.68,95.98,37.88,62.41,19.82,60.358000000000004,37.6694278
Mumbai,2023-02-11,119.1,189.84,54.27,2.7,3.16,155.16,19.09,91.22,8.22,147.39600000000002,134.45463120000002
Mumbai,2023-06-06,51.43,35.37,94.0,18.43,5.67,17.7,1.37,42.33,4.69,45.006,19.0510398
Mumbai,2023-09-04,57.77,164.4,53.97,24.53,9.45,99.81,-3.06,20.26,8.92,100.422,20.3454972
Mumbai,2023-09-05,6.22,172.28,48.03,15.14,5.32,26.46,-8.45,32.55,13.95,72.644,23.645622
Mumbai,2023-03-28,63.72,12.39,84.79,20.82,7.62,114.17,7.07,86.16,14.78,43.188,37.2107808
Mumbai,2023-02-18,146.91,92.71,65.52,44.09,1.67,144.22,37.07,53.07,0.68,125.22999999999999,66.459561
Mumbai,2023-10-23,51.73,172.2,58.31,43.41,6.68,118.66,3.44,40.17,19.06,99.91799999999999,40.1370606
Mumbai,2023-01-17,11.95,58.7,85.29,46.73,2.75,31.23,6.68,43.19,17.85,30.650000000000002,13.237734999999999
Mumbai,2023-10-15,146.67,174.83,61.14,19.04,6.55,41.11,-3.56,25.87,4.94,157.934,40.8575258
Mumbai,2023-12-06,147.33,155.17,97.26,26.95,3.76,71.41,27.47,82.9,10.61,150.466,124.73631400000002
Mumbai,2023-07-17,13.89,80.21,75.91,20.31,1.44,197.8,-3.29,57.76,19.22,40.41799999999999,23.345436799999995
Mumbai,2023-03-22,95.71,131.78,61.5,32.96,8.17,85.0,-1.83,66.67,13.15,110.138,73.42900460000001
Mumbai,2023-03-06,61.94,165.51,47.2,34.87,3.06,157.44,20.69,82.01,15.0,103.368,84.7720968
Mumbai,2023-04-20,109.13,114.66,72.96,42.47,9.28,14.21,-1.61,13.75,10.84,111.342,15.309525
Mumbai,2023-04-10,24.56,165.5,62.23,16.62,1.81,111.11,30.62,70.96,7.22,80.936,57.4321856
Mumbai,2023-11-13,50.27,114.71,60.56,21.8,3.56,58.38,37.23,32.97,6.56,76.04599999999999,25.072366199999998
Mumbai,2023-09-18,43.97,190.82,93.08,40.42,8.73,151.99,2.75,19.47,12.24,102.71000000000001,19.997637
Mumbai,2023-12-01,97.67,163.55,56.7,44.62,7.24,69.44,3.87,89.57,15.53,124.02199999999999,111.08650539999998
Mumbai,2023-04-08,43.97,161.41,94.88,25.22,0.96,110.01,27.01,85.8,8.27,90.946,78.031668
Mumbai,2023-05-12,46.6,118.7,87.64,18.84,9.75,86.82,14.27,27.44,5.8,75.44,20.700736000000003
Mumbai,2023-06-03,37.55,12.43,5.37,15.89,7.31,44.88,2.3,42.51,13.17,27.502,11.6911002
Mumbai,2023-04-04,92.97,56.57,12.48,39.9,6.68,187.4,15.39,92.17,15.62,78.41,72.27049699999999
Mumbai,2023-03-27,70.29,55.34,80.26,13.7,7.82,74.57,-4.75,14.3,17.33,64.31,9.196330000000001
Mumbai,2023-07-13,85.5,19.89,43.24,22.77,5.55,52.21,20.09,44.03,14.81,59.256,26.0904168
Mumbai,2023-07-19,25.04,25.67,92.23,13.21,5.21,138.1,11.81,60.44,4.15,25.292,15.2864848
Mumbai,2023-01-09,101.58,78.03,30.44,4.11,1.11,192.05,-5.12,52.85,4.16,92.16,48.706559999999996
Mumbai,2023-05-08,48.67,83.67,74.91,18.07,5.78,124.0,36.15,74.6,16.86,62.67,46.75182
Mumbai,2023-10-02,149.38,106.41,32.81,23.98,7.57,149.98,8.09,73.26,9.45,132.192,96.84385920000001
Mumbai,2023-10-04,60.42,82.66,20.72,28.59,9.65,47.68,21.54,16.43,16.77,69.316,11.3886188
Mumbai,2023-10-01,101.48,80.42,33.74,43.17,4.97,138.63,25.02,94.52,16.52,93.056,87.95653119999999
Mumbai,2023-03-07,66.13,158.83,75.07,38.32,0.5,46.56,13.02,31.99,18.59,103.21000000000001,33.016878999999996
Mumbai,2023-06-14,81.66,26.14,90.35,18.21,0.54,98.62,1.77,34.0,14.26,59.452,20.21368
Mumbai,2023-06-25,17.3,192.62,75.78,7.39,1.44,171.78,-3.64,67.7,12.57,87.428,59.188756000000005
Mumbai,2023-10-14,64.0,46.86,85.6,27.58,3.85,193.55,9.22,34.58,4.45,57.144,19.760395199999998
Mumbai,2023-10-12,57.79,177.85,33.44,43.52,0.55,91.37,13.89,73.56,8.52,105.814,77.8367784
Mumbai,2023-08-08,147.05,10.07,72.29,11.16,5.05,75.13,22.47,64.25,6.98,92.25800000000001,59.275765
Mumbai,2023-02-13,102.27,119.73,28.11,25.09,6.07,29.31,36.37,20.59,0.52,109.25399999999999,22.495398599999998
Mumbai,2023-07-17,27.21,123.21,21.48,30.13,3.77,46.47,12.45,75.59,4.6,65.61,49.594599
Mumbai,2023-11-01,38.72,198.04,45.01,42.7,6.76,29.83,-6.88,55.87,5.69,102.44800000000001,57.237697600000004
Mumbai,2023-07-09,113.29,117.12,76.29,7.17,4.68,185.09,19.51,71.81,19.64,114.822,82.45367820000001
Mumbai,2023-02-19,123.24,133.18,34.97,24.7,2.1,79.1,-3.55,36.72,9.5,127.216,46.713715199999996
Mumbai,2023-05-28,109.61,33.82,70.73,24.07,7.64,75.79,6.16,39.26,15.98,79.294,31.130824399999998
Mumbai,2023-05-06,90.05,91.44,97.36,33.93,6.74,70.66,29.81,23.71,7.72,90.606,21.4826826
Mumbai,2023-02-01,118.55,174.2,34.77,44.27,1.73,194.85,25.06,68.75,4.06,140.81,96.806875
Mumbai,2023-03-20,60.84,116.58,63.55,33.96,9.81,196.17,29.29,77.33,5.3,83.136,64.2890688
Mumbai,2023-11-04,76.84,119.41,45.71,49.1,9.63,49.78,-1.79,46.9,17.23,93.868,44.024091999999996
Mumbai,2023-01-20,117.41,56.59,79.79,16.64,9.17,108.31,-9.53,49.92,6.87,93.082,46.4665344
Mumbai,2023-12-05,98.23,166.88,72.8,29.43,2.75,86.3,-9.34,46.71,10.31,125.69,58.709799000000004
Mumbai,2023-03-15,95.46,128.47,23.72,27.57,9.88,22.81,38.2,36.16,3.12,108.664,39.292902399999996
Mumbai,2023-06-21,102.98,100.62,38.32,31.09,8.57,39.91,20.16,46.18,14.35,102.036,47.1202248
Mumbai,2023-09-10,9.8,168.3,39.0,15.74,6.89,158.96,31.56,70.61,10.32,73.2,51.68652
Mumbai,2023-03-02,82.52,27.43,43.89,9.15,1.33,61.31,32.08,93.11,14.43,60.483999999999995,56.316652399999995
Mumbai,2023-06-21,145.43,108.4,59.37,9.5,3.01,102.95,20.18,42.67,15.68,130.618,55.734700600000004
Mumbai,2023-09-10,106.78,191.57,26.58,16.41,1.66,188.93,-5.61,98.11,0.78,140.696,138.0368456
Mumbai,2023-07-05,125.34,83.04,72.73,24.92,9.15,88.8,-9.91,38.79,18.59,108.41999999999999,42.05611799999999
Mumbai,2023-10-10,20.96,55.43,63.78,45.69,5.97,59.59,6.17,11.08,10.27,34.748000000000005,3.8500784000000006
Mumbai,2023-01-02,55.02,127.64,68.08,16.35,8.98,190.86,25.35,73.83,19.22,84.06800000000001,62.06740440000001
Mumbai,2023-11-17,130.65,33.05,6.74,1.4,5.59,19.51,-7.43,63.32,13.4,91.61,58.007452
Mumbai,2023-12-04,106.01,77.65,15.49,1.59,5.11,179.0,17.06,44.88,2.46,94.666,42.4861008
Mumbai,2023-11-12,59.86,94.27,61.97,5.51,0.17,175.07,2.81,90.92,7.72,73.624,66.9389408
Mumbai,2023-05-19,44.6,155.52,82.8,17.21,4.77,100.32,4.03,34.69,0.63,88.968,30.8629992
Mumbai,2023-05-19,45.85,63.62,33.68,30.63,0.58,136.72,31.74,75.76,9.58,52.958,40.1209808
Mumbai,2023-11-17,138.25,182.7,27.58,48.41,0.49,129.12,30.65,24.29,1.85,156.03,37.899687
Mumbai,2023-09-04,88.44,32.99,23.79,13.43,9.24,114.78,28.18,40.26,17.46,66.26,26.676275999999998
Mumbai,2023-05-22,25.33,106.61,68.17,39.47,1.81,136.15,28.2,60.65,12.01,57.842000000000006,35.08117300000001
Mumbai,2023-03-04,98.26,10.29,55.59,48.9,6.16,114.11,15.93,97.12,16.03,63.072,61.25552640000001
Mumbai,2023-03-12,125.39,157.84,32.6,32.9,2.45,72.43,-2.17,95.59,14.33,138.37,132.267883
Mumbai,2023-02-06,74.55,68.41,18.47,31.12,5.64,63.22,39.64,51.04,3.22,72.094,36.79677759999999
Mumbai,2023-10-10,45.41,68.83,15.76,36.38,4.53,107.79,32.34,63.98,5.99,54.778,35.04696439999999
Mumbai,2023-09-22,60.04,38.82,95.67,45.45,2.94,145.65,13.67,42.56,3.72,51.552,21.940531200000002
Mumbai,2023-08-01,40.13,112.44,11.53,1.46,3.99,197.77,6.5,36.82,16.66,69.054,25.425682800000004
Mumbai,2023-02-09,75.28,176.01,90.93,6.31,6.13,120.26,19.73,71.72,11.55,115.572,82.88823839999999
Mumbai,2023-05-20,9.16,89.87,85.87,18.07,6.52,167.13,30.52,40.94,6.02,41.444,16.9671736
Mumbai,2023-08-16,9.34,138.56,22.42,16.32,4.52,41.2,28.17,36.88,3.73,61.028000000000006,22.507126400000004
Mumbai,2023-02-19,58.45,115.3,74.78,44.52,1.11,87.72,39.05,79.67,13.12,81.19,64.684073
Mumbai,2023-12-22,58.65,44.74,89.77,16.44,0.88,48.55,13.67,90.69,9.14,53.086,48.1436934
Mumbai,2023-05-20,52.47,27.63,10.81,17.08,1.78,41.89,39.68,98.98,9.32,42.534,42.1001532
Mumbai,2023-08-25,89.97,197.97,72.19,2.57,4.57,132.91,17.28,64.96,1.5,133.17000000000002,86.507232
Mumbai,2023-07-08,146.24,120.67,18.37,35.61,9.73,37.56,16.32,90.15,8.25,136.012,122.61481800000001
Mumbai,2023-07-19,38.99,102.64,73.97,40.5,0.11,29.96,-2.91,47.24,12.35,64.45,30.446180000000005
Mumbai,2023-01-25,123.51,18.93,77.91,29.86,0.48,108.52,7.69,64.44,18.41,81.678,52.63330319999999
Mumbai,2023-08-25,145.45,28.41,87.64,2.39,6.85,191.65,14.96,41.87,6.77,98.634,41.29805579999999
Mumbai,2023-08-10,110.8,122.18,96.86,16.37,9.33,41.24,-8.76,25.08,16.35,115.352,28.930281599999997
Mumbai,2023-12-05,50.44,157.7,12.69,49.86,4.51,195.79,25.94,75.75,17.15,93.344,70.70808
Mumbai,2023-12-21,68.71,71.06,15.6,46.61,1.66,66.24,25.38,95.23,14.06,69.64999999999999,66.32769499999999
Mumbai,2023-12-20,136.42,60.57,42.16,22.05,6.02,106.38,-4.65,22.98,16.45,106.07999999999998,24.377183999999996
Mumbai,2023-07-16,129.93,165.02,26.4,48.64,1.84,84.12,-8.3,76.54,16.67,143.966,110.19157640000002
Mumbai,2023-06-19,7.54,24.47,29.56,39.26,4.77,117.96,19.68,61.06,15.65,14.312000000000001,8.738907200000002
Mumbai,2023-12-14,79.57,21.13,31.67,9.31,0.68,56.71,11.65,32.94,18.57,56.193999999999996,18.510303599999997
Mumbai,2023-04-19,14.7,146.09,11.92,18.14,2.92,49.97,21.92,53.86,10.69,67.256,36.2240816
Mumbai,2023-04-15,60.49,108.84,92.37,19.82,7.03,124.54,17.49,29.94,8.93,79.83,23.901101999999998
Mumbai,2023-12-04,106.87,162.77,46.97,31.39,4.44,174.89,4.11,46.17,12.45,129.23000000000002,59.66549100000001
Mumbai,2023-05-24,115.08,100.82,68.14,19.7,2.75,91.95,36.85,38.7,18.32,109.376,42.328512
Mumbai,2023-01-27,56.22,43.09,60.73,30.13,0.76,83.14,29.02,21.11,11.4,50.968,10.7593448
Mumbai,2023-02-12,112.55,164.22,10.1,45.35,0.13,114.74,-9.24,28.93,14.44,133.21800000000002,38.5399674
Mumbai,2023-02-20,129.5,151.2,25.48,33.77,8.71,55.13,4.52,44.53,1.19,138.18,61.53155400000001
Mumbai,2023-07-25,142.05,185.29,7.11,7.27,0.81,179.85,29.63,49.99,12.27,159.346,79.65706540000001
Mumbai,2023-09-27,36.63,18.37,50.92,13.04,0.24,50.02,18.67,96.16,19.65,29.326,28.1998816
Mumbai,2023-05-06,9.26,76.75,8.38,7.21,1.64,50.21,7.37,41.66,1.85,36.256,15.1042496
Mumbai,2023-09-13,113.0,52.02,6.25,33.85,5.0,90.52,11.03,99.29,9.22,88.608,87.97888320000001
Mumbai,2023-03-24,105.94,67.01,22.81,47.49,7.42,24.75,34.13,33.08,5.08,90.368,29.893734399999996
Mumbai,2023-07-27,77.58,148.08,31.57,29.07,3.48,15.62,0.15,46.86,8.05,105.78,49.568508
Mumbai,2023-05-11,113.13,139.31,93.04,18.04,9.02,23.07,4.67,65.1,7.2,123.602,80.464902
Mumbai,2023-05-14,53.75,58.33,44.92,27.29,9.35,136.8,4.16,26.25,15.73,55.582,14.590275
Mumbai,2023-07-04,140.71,13.88,93.16,36.6,1.54,158.19,-6.45,41.84,12.05,89.97800000000001,37.64679520000001
Mumbai,2023-06-24,66.66,134.53,15.88,24.73,5.41,26.09,11.9,35.7,6.75,93.80799999999999,33.489456000000004
Mumbai,2023-05-09,83.62,145.45,71.85,17.85,2.06,80.21,-2.65,67.57,11.54,108.352,73.2134464
Mumbai,2023-08-25,84.92,192.83,22.36,34.53,9.08,197.7,6.85,97.55,5.38,128.084,124.94594199999999
Mumbai,2023-11-20,19.22,191.25,16.21,32.17,3.65,116.17,33.91,88.46,15.18,88.032,77.87310719999999
Mumbai,2023-05-17,130.25,95.37,8.28,8.35,3.63,57.1,28.13,87.51,19.18,116.298,101.77237980000001
Mumbai,2023-08-02,17.32,69.08,60.21,29.54,8.47,12.79,4.99,95.33,7.88,38.024,36.2482792
Mumbai,2023-04-11,131.82,122.71,75.89,29.21,6.52,36.59,8.87,40.55,11.0,128.176,51.97536799999999
Mumbai,2023-09-07,16.31,148.38,12.05,35.7,7.39,23.01,4.77,10.25,16.1,69.138,7.086645
Mumbai,2023-12-21,128.38,48.96,16.63,10.38,3.3,97.31,6.61,62.57,9.39,96.612,60.4501284
Mumbai,2023-09-14,44.97,12.37,47.91,17.67,3.54,152.62,-7.55,26.19,13.41,31.93,8.362467
Mumbai,2023-07-01,74.99,134.54,68.86,15.05,7.73,182.3,24.4,80.17,16.95,98.81,79.215977
Mumbai,2023-05-22,121.56,20.04,39.49,28.95,1.13,191.18,1.57,52.37,1.13,80.952,42.39456239999999
Mumbai,2023-07-08,18.54,80.03,11.55,8.62,4.48,30.49,30.29,49.99,15.2,43.135999999999996,21.563686399999998
Mumbai,2023-10-23,44.29,36.24,38.63,15.84,3.17,166.31,19.08,92.98,17.81,41.07,38.186886
Mumbai,2023-04-03,82.37,173.34,54.72,26.37,8.13,111.74,-3.65,29.13,2.34,118.75800000000001,34.5942054
Mumbai,2023-12-15,67.49,174.97,78.2,33.12,5.57,48.92,2.05,52.92,8.14,110.482,58.4670744
Mumbai,2023-08-01,125.91,118.1,54.81,43.11,0.63,89.54,25.12,59.95,11.74,122.786,73.610207
Mumbai,2023-02-02,70.32,52.68,16.06,13.52,4.89,51.5,34.88,94.14,11.92,63.263999999999996,59.5567296
Mumbai,2023-11-06,102.95,142.2,75.11,30.26,0.58,162.86,22.15,30.12,16.42,118.64999999999999,35.73738
Mumbai,2023-03-20,33.88,10.08,99.45,43.33,0.44,185.44,12.67,66.53,6.49,24.36,16.206708
Mumbai,2023-12-03,124.35,68.53,31.5,45.46,0.97,134.02,14.95,74.92,19.35,102.022,76.4348824
Mumbai,2023-12-14,90.71,163.05,75.74,38.72,5.17,110.98,19.87,34.74,16.3,119.64600000000002,41.56502040000001
Mumbai,2023-08-28,31.72,72.52,95.86,11.25,0.51,169.17,23.12,94.46,5.26,48.04,45.378584
Mumbai,2023-11-20,108.28,34.35,67.95,29.92,6.78,66.59,-3.99,34.26,9.16,78.708,26.965360799999996
Mumbai,2023-02-04,140.16,78.24,61.18,29.03,2.03,40.91,34.73,10.02,14.69,115.392,11.562278399999999
Mumbai,2023-11-08,89.6,95.46,23.19,25.41,2.08,65.08,8.59,84.43,7.18,91.94399999999999,77.62831919999999
Mumbai,2023-09-14,60.35,67.51,80.29,4.32,0.93,87.45,-3.54,32.22,14.45,63.214000000000006,20.3675508
Mumbai,2023-04-26,44.35,138.04,71.03,18.39,3.49,160.85,29.36,52.09,10.63,81.826,42.623163399999996
Mumbai,2023-10-08,132.49,69.42,57.34,29.33,5.5,154.02,-9.29,70.72,10.83,107.262,75.8556864
Mumbai,2023-01-25,37.87,40.77,57.38,4.78,9.89,128.79,21.49,44.49,5.89,39.03,17.364447000000002
Mumbai,2023-03-05,5.39,28.64,36.85,28.49,0.78,166.85,16.82,94.05,8.64,14.690000000000001,13.815945000000001
Mumbai,2023-01-09,107.61,23.19,83.5,28.26,6.79,111.74,10.21,52.0,18.55,73.842,38.39784
Mumbai,2023-02-13,30.16,24.29,25.24,21.33,5.66,114.41,11.25,84.35,9.82,27.812,23.459422
Mumbai,2023-04-15,147.11,161.92,31.23,44.96,9.25,129.68,37.71,48.39,7.72,153.034,74.05315259999999
Mumbai,2023-05-22,45.59,72.6,23.97,9.81,2.9,71.51,20.69,72.99,1.07,56.394000000000005,41.16198060000001
Mumbai,2023-03-19,72.71,64.06,9.32,16.89,7.35,134.04,24.06,49.12,0.9,69.25,34.0156
Mumbai,2023-05-16,129.01,155.57,29.48,1.52,7.91,131.93,4.35,74.05,1.96,139.634,103.39897699999997
Mumbai,2023-01-25,149.59,109.64,60.58,45.02,1.97,34.47,-7.1,30.3,16.41,133.61,40.483830000000005
Mumbai,2023-11-06,132.33,17.89,32.02,15.61,9.89,124.44,27.68,68.84,17.58,86.55400000000002,59.583773600000015
Mumbai,2023-08-11,98.67,77.76,87.39,28.72,9.69,173.2,26.52,61.05,10.2,90.306,55.131812999999994
Mumbai,2023-11-08,77.6,108.65,70.07,26.4,9.13,61.48,-4.79,70.83,8.04,90.02000000000001,63.761166
Mumbai,2023-03-01,127.34,11.75,89.93,46.03,4.88,184.55,2.07,60.37,10.61,81.104,48.9624848
Mumbai,2023-09-10,58.48,155.82,82.63,12.78,7.36,184.12,15.7,23.72,6.28,97.416,23.107075199999997
Mumbai,2023-11-17,115.77,107.16,82.3,19.54,3.46,144.46,11.17,84.23,8.26,112.326,94.6121898
Mumbai,2023-12-10,25.11,136.46,77.07,31.36,1.18,198.32,28.42,19.5,17.77,69.65,13.581750000000001
Mumbai,2023-07-27,6.18,127.11,91.17,19.21,8.71,124.57,37.36,52.67,19.56,54.552,28.732538400000003
Mumbai,2023-07-17,48.55,87.28,69.33,21.05,6.44,110.28,2.75,49.84,18.18,64.042,31.9185328
Mumbai,2023-03-10,30.35,59.31,32.24,46.66,5.77,187.66,-1.89,27.01,10.27,41.934000000000005,11.326373400000001
Mumbai,2023-12-10,81.51,40.76,47.06,32.11,6.15,157.82,32.89,25.76,17.52,65.21,16.798095999999997
Mumbai,2023-05-14,136.28,42.66,79.3,7.23,7.25,33.9,8.0,26.74,6.46,98.832,26.427676799999997
Mumbai,2023-05-07,7.8,58.36,81.33,42.44,9.2,155.72,36.22,56.64,4.91,28.024,15.872793600000001
Mumbai,2023-09-11,15.72,195.69,96.25,28.6,9.08,120.6,9.69,36.06,19.09,87.70800000000001,31.627504800000008
Mumbai,2023-11-02,138.61,131.02,98.43,48.28,1.31,68.48,23.75,24.35,8.62,135.574,33.012269
Mumbai,2023-10-05,87.75,155.14,62.55,34.57,3.76,38.54,12.97,86.29,12.33,114.70599999999999,98.9798074
Mumbai,2023-10-05,122.56,57.04,55.74,9.28,3.91,165.98,34.56,45.86,14.11,96.352,44.1870272
Mumbai,2023-09-09,97.29,134.89,54.53,14.31,6.52,48.97,7.07,87.25,0.87,112.33,98.007925
Mumbai,2023-04-02,77.05,68.13,28.44,12.67,4.4,150.53,15.31,97.97,18.36,73.482,71.9903154
Mumbai,2023-10-20,120.46,24.12,25.27,49.5,1.95,63.66,22.51,37.6,3.32,81.92399999999999,30.803423999999996
Mumbai,2023-05-14,92.29,199.4,22.57,31.37,8.01,184.12,26.25,68.15,5.49,135.13400000000001,92.09382100000002
Mumbai,2023-03-11,35.64,170.53,99.98,7.77,7.86,115.73,12.54,32.43,2.58,89.596,29.0559828
Mumbai,2023-03-22,82.7,110.5,24.75,23.09,7.1,153.87,15.74,61.8,12.34,93.82,57.98076
Mumbai,2023-04-11,17.07,194.96,57.08,23.02,8.3,114.21,31.13,85.08,9.89,88.22600000000001,75.06268080000001
Mumbai,2023-05-18,109.87,184.8,24.29,27.43,5.14,60.55,14.2,80.39,9.99,139.84199999999998,112.41898379999999
Mumbai,2023-08-01,129.31,80.06,67.68,39.8,9.07,120.87,13.19,57.47,17.41,109.61,62.992867
Mumbai,2023-09-02,31.35,58.2,75.17,15.35,3.41,63.75,36.62,64.37,3.85,42.09,27.093333000000005
Mumbai,2023-01-26,66.47,31.87,74.83,4.32,8.33,148.26,22.81,64.19,19.38,52.629999999999995,33.783197
Mumbai,2023-11-14,100.61,137.67,5.89,31.52,0.32,51.07,-5.37,73.34,7.59,115.434,84.65929560000001
Mumbai,2023-03-20,72.47,85.99,53.59,13.28,5.31,118.86,2.96,70.23,16.35,77.878,54.693719400000006
Mumbai,2023-02-06,120.27,64.49,29.3,9.79,6.76,157.75,11.75,51.62,19.69,97.958,50.5659196
Mumbai,2023-12-05,129.51,14.11,18.96,12.43,7.4,139.2,34.82,14.25,14.87,83.35,11.877374999999999
Mumbai,2023-01-05,10.09,163.4,40.77,18.56,3.42,42.85,31.09,27.6,9.99,71.414,19.710264000000002
Mumbai,2023-12-11,79.92,86.54,62.2,30.65,1.35,133.47,39.09,58.26,4.46,82.56800000000001,48.10411680000001
Mumbai,2023-01-26,84.82,120.15,63.32,15.29,0.88,93.93,22.14,43.63,7.08,98.952,43.172757600000004
Mumbai,2023-06-07,50.51,112.69,10.23,9.17,3.57,44.26,26.54,89.43,9.23,75.382,67.41412260000001
Mumbai,2023-04-25,71.45,195.0,76.65,39.98,3.36,12.27,-3.87,87.68,16.86,120.87,105.97881600000001
Mumbai,2023-07-27,52.7,43.28,76.64,38.38,3.1,26.59,4.44,78.91,10.89,48.932,38.6122412
Mumbai,2023-05-12,92.2,163.01,43.93,42.7,5.87,151.2,11.19,45.58,4.57,120.524,54.9348392
Mumbai,2023-07-25,136.2,187.47,80.81,3.91,2.34,26.66,29.28,44.03,16.89,156.70799999999997,68.99853239999999
Mumbai,2023-08-07,66.4,196.15,40.88,34.29,7.23,115.69,7.4,95.15,6.66,118.30000000000001,112.56245000000001
Mumbai,2023-10-14,44.55,21.92,44.64,16.45,8.49,124.55,38.83,89.17,4.51,35.498,31.653566599999998
Mumbai,2023-09-09,57.96,152.06,11.46,16.31,6.83,29.93,6.45,22.07,18.55,95.6,21.09892
Mumbai,2023-01-13,76.83,107.24,50.15,37.44,5.18,62.09,22.19,93.76,0.73,88.994,83.44077440000001
Mumbai,2023-08-21,149.44,54.53,94.06,7.93,1.51,123.83,-0.21,68.85,1.82,111.476,76.75122599999999
Mumbai,2023-09-18,115.13,139.62,29.11,20.64,0.68,182.92,12.41,15.46,17.45,124.92599999999999,19.3135596
Mumbai,2023-04-20,129.77,122.93,20.5,28.68,0.34,115.15,-0.78,30.92,14.34,127.03400000000002,39.27891280000001
Mumbai,2023-09-09,5.07,29.91,84.87,22.52,6.51,32.29,-1.1,24.84,16.19,15.006,3.7274904
Mumbai,2023-07-18,43.17,127.04,55.45,14.03,9.33,146.63,39.57,70.2,5.87,76.718,53.85603600000001
Mumbai,2023-07-21,39.35,193.72,56.24,28.47,9.47,66.48,-4.1,27.19,11.89,101.098,27.488546200000002
Mumbai,2023-08-20,27.73,66.66,41.49,49.36,4.61,112.27,-9.34,52.65,18.77,43.302,22.798502999999997
Mumbai,2023-02-20,65.22,195.01,92.6,35.98,1.65,82.88,39.38,35.05,9.01,117.136,41.05616799999999
Mumbai,2023-12-27,79.74,196.52,83.07,3.32,1.2,45.02,25.55,91.68,4.28,126.452,115.9311936
Mumbai,2023-04-16,58.79,22.81,76.49,46.52,6.68,133.15,39.31,10.76,15.14,44.398,4.777224800000001
Mumbai,2023-12-04,92.02,91.02,93.87,18.74,3.86,20.89,10.69,74.48,18.51,91.62,68.23857600000001
Mumbai,2023-03-06,107.62,52.09,80.59,8.1,6.83,88.37,37.89,71.87,4.73,85.408,61.382729600000005
Mumbai,2023-10-17,42.7,123.0,29.66,18.82,7.44,84.33,2.39,81.06,8.08,74.82000000000001,60.649092
Mumbai,2023-01-18,41.65,169.26,99.11,34.23,8.69,167.71,-9.2,40.12,5.69,92.69399999999999,37.18883279999999
Mumbai,2023-08-12,80.25,173.05,91.21,28.13,2.33,35.73,13.59,91.5,2.6,117.37,107.39355
Mumbai,2023-08-23,37.92,99.34,59.9,6.95,3.61,179.63,22.9,29.52,15.19,62.488,18.446457600000002
Mumbai,2023-04-17,134.52,77.32,32.57,49.5,0.39,133.38,8.14,31.0,18.97,111.64,34.6084
Mumbai,2023-04-04,68.15,110.78,5.43,21.13,9.91,150.62,-7.64,91.24,19.91,85.202,77.7383048
Mumbai,2023-04-16,41.44,81.97,73.8,43.21,1.53,185.72,25.48,21.77,1.85,57.652,12.5508404
Mumbai,2023-07-23,87.13,149.24,18.25,38.07,7.88,85.72,1.66,24.49,5.89,111.974,27.422432599999997
Mumbai,2023-08-11,71.06,15.7,91.71,44.68,5.01,29.26,16.64,16.45,9.35,48.916000000000004,8.046681999999999
Mumbai,2023-10-13,126.43,161.26,53.3,29.55,7.64,107.66,33.11,84.75,5.93,140.36200000000002,118.95679500000003
Mumbai,2023-09-07,70.75,137.12,79.08,32.83,4.03,52.83,6.15,51.03,7.54,97.298,49.6511694
Mumbai,2023-12-08,12.69,116.28,60.77,7.1,3.13,158.81,37.99,41.0,3.99,54.126,22.19166
Mumbai,2023-11-23,35.01,114.38,44.55,33.99,3.69,43.69,29.48,71.41,15.42,66.758,47.67188779999999
Mumbai,2023-10-06,109.65,181.14,68.75,9.89,0.48,55.71,38.69,49.74,19.55,138.246,68.7635604
Mumbai,2023-03-11,35.21,182.47,23.8,30.13,9.19,90.22,13.2,77.71,5.09,94.114,73.1359894
Mumbai,2023-04-06,86.15,198.41,52.81,10.92,2.01,151.1,-2.9,30.4,6.29,131.054,39.840416
Mumbai,2023-11-13,40.67,54.36,79.37,3.81,5.74,99.86,32.38,69.99,15.78,46.146,32.297585399999996
Mumbai,2023-01-14,62.59,156.44,27.05,42.64,9.99,69.47,1.54,23.11,17.1,100.13,23.140043
Mumbai,2023-06-12,31.54,159.8,55.37,30.31,6.67,74.1,31.27,23.8,16.64,82.84400000000001,19.716872000000002
Mumbai,2023-09-10,147.49,175.14,36.83,29.51,3.05,10.29,33.37,89.07,3.74,158.55,141.220485
Mumbai,2023-09-02,144.44,36.36,39.75,37.43,9.1,156.92,-3.98,83.27,2.58,101.208,84.2759016
Mumbai,2023-12-20,130.6,16.02,29.72,38.74,4.67,108.59,-1.71,76.41,16.39,84.768,64.7712288
Mumbai,2023-12-25,81.41,173.48,89.22,14.69,4.82,84.37,32.84,26.34,2.37,118.238,31.143889200000004
Mumbai,2023-10-22,137.66,98.57,19.04,43.25,1.83,35.13,-1.18,41.53,19.79,122.02399999999999,50.676567199999994
Mumbai,2023-03-16,67.91,113.98,56.25,34.39,8.13,136.05,9.27,35.64,8.75,86.338,30.770863199999997
Mumbai,2023-08-01,43.9,171.04,98.58,30.19,8.81,46.11,20.35,36.23,6.01,94.756,34.330098799999995
Mumbai,2023-08-09,90.6,171.82,77.69,3.99,6.11,126.38,31.78,36.07,1.87,123.088,44.3978416
Mumbai,2023-07-28,77.13,176.18,80.11,44.36,0.3,106.89,12.37,75.06,8.18,116.75,87.63255000000001
Mumbai,2023-12-11,39.2,101.83,67.42,1.27,6.24,164.4,7.95,27.58,2.8,64.252,17.720701599999998
Mumbai,2023-05-03,118.55,66.14,77.34,32.93,9.6,106.12,8.38,98.85,7.29,97.586,96.46376099999999
Mumbai,2023-03-13,45.05,151.29,38.95,5.95,6.44,146.0,6.93,51.94,7.33,87.54599999999999,45.47139239999999
Mumbai,2023-06-21,43.89,154.45,68.74,11.24,0.66,25.04,3.33,54.3,4.04,88.114,47.845901999999995
Mumbai,2023-03-09,140.32,164.14,79.09,36.01,4.77,78.58,23.98,16.37,13.99,149.84799999999998,24.5301176
Mumbai,2023-07-23,103.66,74.15,99.86,12.43,4.31,49.44,-9.56,54.0,5.67,91.856,49.60224
Mumbai,2023-12-05,31.86,162.04,52.26,19.32,3.48,176.92,-1.47,48.42,4.02,83.932,40.639874400000004
Mumbai,2023-07-19,52.35,186.03,17.95,17.61,3.13,29.39,38.59,93.74,3.31,105.822,99.1975428
Mumbai,2023-04-22,37.96,30.01,83.1,9.14,2.2,25.49,26.22,50.4,16.15,34.78,17.52912
Mumbai,2023-09-19,102.3,24.04,64.59,5.6,0.32,198.01,23.09,73.97,13.53,70.996,52.5157412
Mumbai,2023-10-12,113.06,104.94,28.12,39.67,7.13,109.06,6.77,84.88,14.9,109.812,93.2084256
Mumbai,2023-05-07,130.44,86.52,89.58,17.34,6.97,84.2,26.12,87.64,13.41,112.87199999999999,98.92102079999998
Mumbai,2023-04-10,57.66,154.39,33.67,21.41,8.8,91.08,18.6,42.02,8.67,96.352,40.487110400000006
Mumbai,2023-03-16,41.21,125.61,81.1,26.16,4.46,101.02,1.41,83.34,9.92,74.97,62.479998
Mumbai,2023-11-10,9.36,161.27,38.2,45.63,3.0,22.82,23.37,15.41,2.86,70.12400000000001,10.806108400000003
Mumbai,2023-06-02,41.64,135.89,71.39,41.04,3.24,147.32,21.63,85.72,16.77,79.33999999999999,68.01024799999999
Mumbai,2023-11-16,93.18,85.98,36.95,14.61,6.61,72.23,25.94,72.32,13.57,90.30000000000001,65.30496000000001
Mumbai,2023-09-09,9.77,151.08,35.01,34.14,4.65,111.9,3.62,80.9,5.53,66.29400000000001,53.63184600000001
Mumbai,2023-07-23,141.48,99.31,17.51,9.36,6.3,172.94,35.17,13.72,5.22,124.612,17.0967664
Mumbai,2023-10-20,18.44,127.54,92.11,43.73,6.69,115.51,14.51,80.36,14.16,62.080000000000005,49.887488000000005
Mumbai,2023-11-27,92.04,24.42,53.98,4.88,4.8,117.75,8.25,50.25,15.9,64.992,32.65848
Mumbai,2023-02-21,123.23,138.69,68.86,25.3,6.11,101.31,16.47,27.81,14.48,129.414,35.9900334
Mumbai,2023-12-10,95.17,196.2,39.03,19.55,9.34,190.14,16.79,11.05,13.13,135.582,14.981810999999999
Mumbai,2023-06-06,130.24,55.01,74.75,37.6,6.73,81.99,7.6,12.54,16.15,100.14800000000001,12.5585592
Mumbai,2023-04-16,119.84,47.4,81.42,28.79,9.67,97.82,4.02,33.8,11.77,90.864,30.712031999999997
Mumbai,2023-05-27,144.38,109.65,22.46,24.16,9.69,55.86,-9.35,35.62,11.58,130.488,46.4798256
Mumbai,2023-09-26,113.79,75.17,44.19,6.92,7.93,110.38,-4.98,57.32,16.31,98.342,56.3696344
Mumbai,2023-09-01,89.4,50.25,81.54,39.27,3.54,93.17,-1.33,22.36,12.16,73.74000000000001,16.488264
Mumbai,2023-12-16,81.32,102.63,9.32,45.51,6.34,87.47,32.75,74.57,19.82,89.844,66.99667079999999
Mumbai,2023-10-22,21.98,59.46,45.18,4.1,1.95,127.85,-1.38,42.69,9.24,36.972,15.7833468
Mumbai,2023-03-10,50.92,108.3,48.64,17.95,3.48,176.86,0.03,55.37,2.92,73.872,40.9029264
Mumbai,2023-04-27,84.58,50.0,73.04,47.01,9.55,51.53,-2.11,99.23,16.13,70.74799999999999,70.2032404
Mumbai,2023-07-05,17.27,148.17,55.11,46.6,6.01,130.99,33.39,18.62,14.84,69.63,12.965105999999999
Mumbai,2023-12-03,33.6,13.81,74.19,2.81,1.4,115.22,9.38,73.53,18.94,25.684,18.885445200000003
Mumbai,2023-01-09,95.32,53.16,43.71,35.14,6.13,120.75,2.6,96.24,3.17,78.45599999999999,75.50605439999998
Mumbai,2023-08-03,9.12,197.12,95.16,18.25,4.91,15.1,11.41,10.73,4.53,84.32000000000001,9.047536000000001
Mumbai,2023-02-02,68.61,60.08,12.73,24.4,5.67,124.78,21.04,10.59,6.76,65.198,6.904468199999999
Mumbai,2023-03-16,81.86,143.66,56.85,14.04,2.52,160.02,1.31,32.36,16.59,106.58,34.489288
Mumbai,2023-09-20,92.68,54.88,78.15,32.27,3.03,90.54,38.06,62.76,8.81,77.56,48.676655999999994
Mumbai,2023-12-22,10.09,23.29,66.83,1.05,3.42,76.13,15.72,93.63,10.49,15.370000000000001,14.390931
Mumbai,2023-11-13,117.39,96.55,79.07,10.02,4.87,66.41,36.85,86.92,16.76,109.054,94.7897368
Mumbai,2023-08-08,145.32,23.08,87.05,14.76,2.48,26.78,27.89,54.22,18.47,96.42399999999999,52.281092799999996
Mumbai,2023-07-14,63.85,161.19,98.49,29.43,8.46,186.96,13.88,66.4,3.23,102.786,68.249904
Mumbai,2023-03-14,105.2,45.07,8.77,18.0,2.16,40.75,39.6,44.32,16.98,81.148,35.9647936
Mumbai,2023-08-25,15.09,110.74,42.5,31.0,6.8,152.11,12.75,20.29,11.1,53.35,10.824715
Mumbai,2023-01-18,65.72,30.49,73.43,11.23,4.78,172.03,31.44,60.32,17.32,51.62799999999999,31.142009599999994
Mumbai,2023-07-10,60.34,182.25,97.73,49.26,9.22,117.35,37.07,86.44,17.17,109.10400000000001,94.3094976
Mumbai,2023-06-17,47.19,59.72,93.3,4.19,3.67,42.94,1.34,60.44,0.58,52.202,31.550888799999996
Mumbai,2023-02-01,143.97,97.39,91.96,44.34,5.49,186.94,32.35,49.35,9.1,125.338,61.854302999999994
Mumbai,2023-04-18,149.28,101.83,24.82,26.57,6.84,85.2,21.51,71.85,10.95,130.3,93.62055
Mumbai,2023-01-06,82.28,98.04,79.45,5.66,5.81,177.26,-0.45,34.29,18.9,88.584,30.3754536
Mumbai,2023-10-05,103.07,56.81,63.34,27.0,1.68,190.62,17.18,22.92,3.17,84.566,19.382527200000002
Mumbai,2023-12-28,125.78,77.08,46.06,11.7,1.05,189.29,19.34,67.02,13.92,106.30000000000001,71.24226
Mumbai,2023-09-15,44.7,11.61,74.55,10.67,7.69,186.27,26.73,10.16,3.88,31.464,3.1967423999999998
Mumbai,2023-05-23,73.21,125.4,85.32,49.98,6.04,139.64,39.1,70.29,18.06,94.086,66.1330494
Mumbai,2023-08-16,85.62,35.5,79.66,22.44,4.56,115.13,28.99,69.44,10.32,65.572,45.533196800000006
Mumbai,2023-12-23,11.16,156.69,67.88,43.61,4.43,55.98,0.55,84.57,11.62,69.372,58.66790039999999
Mumbai,2023-12-18,63.37,119.53,65.31,25.23,2.83,154.74,-4.44,89.96,13.27,85.834,77.2162664
Mumbai,2023-05-22,148.91,139.52,68.09,45.98,9.86,198.68,6.92,14.56,13.11,145.154,21.134422400000002
Mumbai,2023-03-03,53.55,36.71,46.59,25.03,4.58,158.25,13.15,19.17,5.87,46.81399999999999,8.974243799999998
Mumbai,2023-11-16,74.55,77.34,5.7,2.3,1.22,44.51,6.46,55.34,1.89,75.666,41.8735644
Mumbai,2023-03-05,53.99,46.15,48.62,12.81,1.6,100.94,28.72,94.89,11.21,50.854,48.255360599999996
Mumbai,2023-06-19,58.29,40.44,58.86,14.05,1.03,187.94,1.75,69.13,1.78,51.14999999999999,35.35999499999999
Mumbai,2023-02-06,107.11,110.8,88.25,10.09,9.89,155.32,27.62,48.63,8.01,108.58599999999998,52.805371799999996
Mumbai,2023-07-03,92.76,13.85,53.36,27.31,2.64,74.83,1.72,69.7,5.76,61.196,42.653612
Mumbai,2023-11-28,81.29,51.59,24.4,17.57,9.64,73.13,-9.8,43.72,13.37,69.41,30.346051999999997
Mumbai,2023-07-27,106.58,82.64,42.75,29.62,2.01,153.85,12.39,30.38,16.76,97.00399999999999,29.4698152
Mumbai,2023-01-25,137.67,141.18,19.14,13.06,4.84,122.64,4.34,87.92,16.49,139.074,122.27386080000001
Mumbai,2023-01-15,111.84,89.8,73.5,47.17,9.02,107.65,23.48,65.25,3.91,103.024,67.22316
Mumbai,2023-06-22,18.48,31.38,95.4,19.75,7.56,175.9,22.08,30.6,12.55,23.64,7.23384
Mumbai,2023-12-28,138.64,182.39,68.52,13.86,6.27,158.7,13.8,63.01,7.89,156.14,98.38381399999999
Mumbai,2023-04-26,148.98,26.99,93.74,37.94,4.68,19.2,14.54,88.95,5.99,100.184,89.113668
Mumbai,2023-05-10,37.41,119.11,77.75,3.4,8.48,77.56,26.2,98.72,6.49,70.09,69.192848
Mumbai,2023-11-24,119.49,141.92,37.51,46.22,5.55,146.81,39.37,12.88,18.55,128.462,16.545905599999998
Mumbai,2023-12-06,44.58,175.87,9.43,39.63,8.4,154.16,39.79,47.21,13.29,97.096,45.8390216
Mumbai,2023-09-22,129.33,152.23,46.9,48.6,3.72,154.83,10.55,78.88,12.09,138.49,109.240912
Mumbai,2023-09-25,25.1,172.68,11.66,46.08,0.69,141.02,20.11,91.02,1.85,84.132,76.57694640000001
Mumbai,2023-08-27,95.75,57.64,26.91,40.69,6.06,53.68,26.62,68.33,8.42,80.506,55.0097498
Mumbai,2023-01-24,42.6,68.71,85.7,20.06,3.92,25.79,23.69,70.23,1.12,53.044,37.2528012
Mumbai,2023-06-14,71.62,19.84,70.29,12.68,7.22,101.57,-4.09,99.8,1.53,50.908,50.806184
Mumbai,2023-03-10,61.19,133.55,45.37,3.17,7.45,157.87,15.96,12.73,5.97,90.13400000000001,11.474058200000002
Mumbai,2023-08-28,10.84,125.93,44.05,7.14,9.29,26.17,-0.79,54.04,11.17,56.876000000000005,30.735790400000003
Mumbai,2023-09-26,111.9,35.08,79.46,20.92,4.27,176.19,1.87,40.85,11.35,81.172,33.158762
Mumbai,2023-06-16,86.86,133.32,13.71,19.43,1.2,192.09,31.91,92.32,7.1,105.444,97.3459008
Mumbai,2023-04-14,91.55,90.4,65.17,17.78,3.72,60.06,6.18,28.91,14.76,91.09,26.334119000000005
Mumbai,2023-04-12,134.58,165.58,89.35,27.4,4.15,120.72,2.73,30.53,14.2,146.98000000000002,44.872994000000006
Mumbai,2023-06-19,25.42,160.43,45.3,40.26,1.61,184.58,27.67,94.62,17.69,79.424,75.15098880000001
Mumbai,2023-11-18,127.33,144.58,26.3,17.99,2.81,70.79,18.24,29.63,15.07,134.23000000000002,39.772349000000006
Mumbai,2023-10-17,147.96,164.18,6.44,26.37,5.2,65.71,8.18,60.96,1.06,154.448,94.15150080000001
Mumbai,2023-02-08,128.56,76.02,19.02,29.93,1.54,71.31,-0.64,17.34,16.09,107.544,18.6481296
Mumbai,2023-09-08,99.39,194.55,47.03,14.51,0.75,101.81,9.57,33.07,0.71,137.454,45.456037800000004
Mumbai,2023-09-23,84.02,109.51,24.63,9.22,2.67,57.37,25.53,43.49,2.49,94.21600000000001,40.97453840000001
Mumbai,2023-09-02,68.91,20.98,46.55,42.5,8.81,128.06,33.47,69.19,5.59,49.738,34.413722199999995
Mumbai,2023-08-05,130.96,167.88,96.45,1.67,1.67,104.58,32.12,89.92,1.69,145.728,131.0386176
Mumbai,2023-05-25,15.58,198.3,38.95,23.11,1.49,152.95,35.68,21.98,15.47,88.668,19.4892264
Mumbai,2023-05-03,51.88,87.6,62.6,13.97,1.81,134.33,4.5,15.82,4.15,66.168,10.467777600000002
Mumbai,2023-11-25,96.07,154.03,20.06,14.35,9.51,93.53,11.13,89.64,1.46,119.25399999999999,106.89928559999998
Mumbai,2023-05-26,137.25,83.9,7.3,25.94,5.47,81.64,35.88,53.67,4.59,115.91,62.20889700000001
Mumbai,2023-10-27,112.74,194.97,64.65,40.45,4.33,123.9,-4.64,13.34,15.37,145.632,19.4273088
Mumbai,2023-08-13,124.19,173.15,24.97,35.46,2.38,185.24,22.99,37.33,2.42,143.774,53.670834199999994
Mumbai,2023-01-01,79.13,166.14,63.65,31.16,3.8,187.99,36.19,40.59,4.76,113.934,46.245810600000006
Mumbai,2023-02-27,66.68,46.78,50.58,7.63,7.29,136.27,-4.45,35.93,3.94,58.72,21.098096
Mumbai,2023-10-04,147.76,179.55,52.28,4.32,2.18,81.15,27.19,11.59,17.18,160.476,18.5991684
Mumbai,2023-11-14,103.26,107.24,21.3,17.86,5.03,134.56,17.48,34.35,8.1,104.852,36.016662000000004
Mumbai,2023-11-24,80.87,89.66,99.22,49.66,9.62,173.03,20.24,32.87,17.99,84.386,27.737678199999998
Mumbai,2023-07-11,108.06,144.38,70.74,29.12,9.72,159.95,12.17,41.97,8.85,122.588,51.450183599999995
Mumbai,2023-06-13,59.87,166.77,40.0,34.18,3.96,124.69,22.86,93.87,6.95,102.63000000000001,96.33878100000001
Mumbai,2023-04-19,144.4,64.3,38.46,21.43,8.39,80.82,0.9,73.41,5.86,112.36,82.483476
Mumbai,2023-04-06,59.06,135.37,15.9,31.59,7.29,18.7,28.46,98.38,18.72,89.584,88.1327392
Mumbai,2023-03-19,6.81,87.5,63.67,36.23,7.52,192.73,23.36,55.61,2.19,39.086,21.7357246
Mumbai,2023-11-27,86.29,43.82,90.2,19.82,7.32,98.15,11.72,67.01,12.04,69.302,46.43927020000001
Mumbai,2023-05-16,55.88,44.07,59.87,17.64,9.76,184.39,10.25,21.63,6.81,51.156,11.065042799999999
Mumbai,2023-06-17,104.53,60.9,59.49,49.19,5.1,85.13,29.87,83.02,1.72,87.078,72.2921556
Mumbai,2023-08-28,109.82,143.14,94.96,5.24,6.24,176.76,6.62,64.36,2.12,123.148,79.25805279999999
Mumbai,2023-06-13,107.02,184.68,12.19,20.13,3.96,25.81,2.54,94.88,11.81,138.084,131.0140992
Mumbai,2023-08-15,134.65,100.62,63.16,44.4,4.45,17.47,-1.52,37.07,14.55,121.03800000000001,44.86878660000001
Mumbai,2023-06-09,130.39,125.33,72.59,12.09,8.09,117.74,17.23,37.33,11.55,128.36599999999999,47.91902779999999
Mumbai,2023-10-08,68.65,71.27,90.74,13.21,7.18,195.32,-2.77,90.2,16.89,69.69800000000001,62.867596000000006
Mumbai,2023-03-27,40.51,124.44,30.81,26.4,6.53,65.43,8.54,83.04,9.82,74.082,61.5176928
Mumbai,2023-02-02,72.16,76.19,19.31,22.01,2.6,113.54,14.37,15.53,5.32,73.77199999999999,11.456791599999999
Mumbai,2023-02-24,88.98,186.65,84.96,31.03,5.29,66.84,-6.51,65.42,0.68,128.048,83.7690016
Mumbai,2023-06-21,34.34,164.4,91.7,49.28,5.81,120.63,13.82,90.74,6.53,86.364,78.3666936
Mumbai,2023-12-10,127.53,21.99,62.12,12.11,4.27,20.23,-1.89,58.38,8.06,85.314,49.8063132
Mumbai,2023-03-05,53.21,18.42,41.3,32.71,5.57,90.73,-3.14,32.07,14.02,39.294,12.601585799999999
Mumbai,2023-05-27,102.85,155.45,81.49,36.73,3.73,25.94,34.67,13.28,9.04,123.88999999999999,16.452592
Mumbai,2023-08-26,97.03,136.86,80.84,43.63,6.06,52.75,27.1,45.12,3.36,112.962,50.9684544
Mumbai,2023-10-14,65.98,117.68,45.89,29.85,6.28,15.71,30.39,55.27,8.06,86.66,47.89698200000001
Mumbai,2023-12-02,124.05,105.72,50.07,9.61,5.6,88.05,-3.74,31.56,4.34,116.71799999999999,36.83620079999999
Mumbai,2023-12-02,132.26,190.13,59.2,15.3,7.51,198.7,-6.79,10.44,16.71,155.40800000000002,16.2245952
Mumbai,2023-08-01,41.01,109.37,89.43,11.24,7.06,76.03,30.54,18.35,15.43,68.354,12.542959000000002
Mumbai,2023-02-17,141.86,137.7,24.05,44.99,9.9,15.43,-8.1,48.9,10.69,140.196,68.555844
Mumbai,2023-09-07,40.55,38.54,64.01,33.21,9.5,73.44,3.57,75.42,0.98,39.745999999999995,29.976433199999995
Mumbai,2023-10-07,5.2,135.39,83.94,13.69,7.9,11.86,24.18,36.33,8.67,57.275999999999996,20.808370799999995
Mumbai,2023-10-25,38.42,116.88,76.25,34.98,0.52,120.58,38.2,29.54,13.12,69.804,20.6201016
Mumbai,2023-10-15,40.38,57.28,60.4,39.36,8.42,173.5,-7.91,87.13,14.72,47.14,41.073082
Mumbai,2023-07-19,58.6,120.96,58.97,37.46,8.28,153.52,7.59,38.27,1.19,83.544,31.9722888
Mumbai,2023-08-07,68.31,156.49,40.71,12.39,5.99,195.8,15.65,53.88,14.73,103.582,55.8099816
Mumbai,2023-03-25,119.89,59.31,48.04,6.83,9.55,34.59,22.33,87.17,2.06,95.658,83.3850786
Mumbai,2023-01-26,68.5,154.7,38.51,45.76,9.52,74.72,34.25,30.36,18.13,102.97999999999999,31.264727999999995
Mumbai,2023-02-10,54.16,192.74,17.26,23.74,6.32,40.29,5.32,50.64,14.15,109.592,55.497388799999996
Mumbai,2023-12-22,144.79,32.63,28.48,20.95,8.76,168.91,6.22,59.95,2.36,99.926,59.905637000000006
Mumbai,2023-05-26,84.92,168.86,78.67,41.77,5.43,184.99,-2.17,75.84,4.1,118.49600000000001,89.86736640000001
Mumbai,2023-08-12,134.02,144.91,7.72,11.42,3.58,76.69,1.0,65.9,17.05,138.376,91.189784
Mumbai,2023-07-21,22.62,19.33,6.76,14.32,9.24,63.03,25.44,37.9,9.44,21.304000000000002,8.074216000000002
Mumbai,2023-04-23,53.14,57.14,15.05,10.62,0.73,190.91,9.82,58.57,2.99,54.74,32.061218000000004
Mumbai,2023-05-18,58.3,39.43,44.34,6.77,4.87,132.14,15.68,12.53,14.86,50.751999999999995,6.359225599999999
Mumbai,2023-12-28,39.52,95.26,21.73,43.75,5.97,82.25,34.3,59.08,12.03,61.816,36.5208928
Mumbai,2023-05-08,103.13,122.49,72.73,41.2,9.68,89.36,19.21,80.56,9.32,110.874,89.32009439999999
Mumbai,2023-11-11,139.17,89.97,61.21,24.01,4.01,85.46,6.62,30.6,1.94,119.49,36.563939999999995
Mumbai,2023-03-23,115.71,64.03,29.18,8.9,9.49,80.52,36.54,50.02,16.51,95.03799999999998,47.538007599999986
Mumbai,2023-07-05,41.0,68.47,55.6,2.05,7.74,54.07,17.52,44.21,5.06,51.988,22.983894799999998
Mumbai,2023-03-07,44.88,109.63,30.39,33.57,0.91,24.53,-0.91,69.05,6.7,70.78,48.87359
Mumbai,2023-09-07,58.8,35.85,28.99,45.54,1.61,147.24,38.15,77.38,15.13,49.62,38.395956
Mumbai,2023-08-04,13.04,176.65,74.09,25.89,5.17,98.36,19.57,92.29,10.7,78.48400000000001,72.43288360000001
Mumbai,2023-07-17,118.9,93.75,76.89,28.35,0.93,154.76,17.51,98.09,11.74,108.84,106.761156
Mumbai,2023-07-10,38.19,101.89,5.09,10.17,0.12,191.91,6.06,93.08,18.75,63.67,59.264036
Mumbai,2023-08-18,142.17,181.25,37.92,29.59,1.83,29.85,11.88,23.87,6.72,157.802,37.6673374
Mumbai,2023-01-11,62.28,189.25,93.13,20.62,1.82,58.77,26.24,20.52,7.17,113.06800000000001,23.2015536
Mumbai,2023-07-19,126.91,59.27,92.57,13.92,5.13,134.14,18.9,64.44,2.26,99.854,64.34591759999999
Mumbai,2023-05-14,18.48,134.92,70.97,47.21,4.03,34.7,-6.0,69.46,17.53,65.056,45.18789759999999
Mumbai,2023-11-27,5.61,57.67,83.92,3.38,9.52,69.98,4.64,60.5,17.02,26.434,15.99257
Mumbai,2023-02-02,8.21,134.28,49.39,39.39,1.03,119.84,19.3,70.39,10.95,58.638000000000005,41.2752882
Mumbai,2023-05-24,7.27,32.44,31.63,2.75,9.67,90.79,33.95,34.96,19.37,17.337999999999997,6.0613648
Mumbai,2023-10-26,146.13,159.04,11.97,7.63,3.64,78.01,21.15,37.62,6.39,151.29399999999998,56.91680279999999
Mumbai,2023-05-19,20.72,70.65,91.82,19.41,8.58,129.6,35.91,41.93,11.34,40.69200000000001,17.062155600000004
Mumbai,2023-11-10,108.57,11.35,68.4,14.7,6.91,198.68,-5.88,61.27,5.07,69.682,42.694161400000006
Mumbai,2023-12-21,9.4,79.43,13.44,8.7,2.06,87.87,-5.91,94.48,19.13,37.412000000000006,35.34685760000001
Mumbai,2023-06-18,137.52,73.58,21.87,35.17,6.38,17.23,3.27,77.5,13.69,111.944,86.7566
Mumbai,2023-10-11,55.04,82.42,66.91,31.69,9.15,19.03,-5.77,60.19,0.92,65.992,39.720584800000005
Mumbai,2023-04-19,138.4,41.65,32.2,40.71,3.32,61.88,3.71,54.51,13.8,99.7,54.346470000000004
Mumbai,2023-02-15,108.82,100.24,60.85,7.26,9.95,46.92,5.99,26.89,0.82,105.38799999999999,28.3388332
Mumbai,2023-08-26,130.65,27.42,55.79,12.96,0.2,70.15,-1.16,51.45,4.39,89.358,45.97469100000001
Mumbai,2023-03-19,68.32,165.4,5.48,24.77,4.02,174.29,-7.79,47.68,16.03,107.15200000000002,51.09007360000001
Mumbai,2023-11-10,28.53,132.17,65.24,12.53,4.95,129.89,17.85,56.92,18.64,69.98599999999999,39.836031199999994
Mumbai,2023-02-06,60.67,95.36,65.53,13.0,8.69,156.72,23.55,40.31,10.26,74.54599999999999,30.049492599999997
Mumbai,2023-07-07,68.66,82.84,96.87,40.11,3.35,94.33,30.73,27.46,13.49,74.332,20.4115672
Mumbai,2023-11-02,24.44,74.72,31.8,26.49,3.9,49.23,-2.81,94.21,7.66,44.552,41.9724392
Mumbai,2023-01-09,43.43,192.28,88.22,42.16,3.17,146.93,2.72,91.31,4.23,102.97,94.021907
Mumbai,2023-01-19,143.0,178.39,82.64,35.52,1.21,115.56,6.86,51.27,9.18,157.156,80.57388120000002
Mumbai,2023-11-07,110.01,194.5,46.95,13.45,5.26,137.04,13.27,32.06,2.45,143.806,46.104203600000005
Mumbai,2023-12-13,104.85,54.31,44.02,48.48,2.49,37.17,25.12,19.96,9.93,84.634,16.8929464
Mumbai,2023-09-12,54.37,64.76,35.99,2.61,8.55,10.11,12.17,36.74,11.51,58.526,21.502452400000003
Mumbai,2023-11-25,107.72,80.2,89.56,26.51,6.31,42.42,1.96,86.81,11.54,96.71199999999999,83.95568719999999
Mumbai,2023-12-02,141.42,185.85,86.47,16.88,5.58,17.34,12.45,11.05,2.55,159.192,17.590716
Mumbai,2023-01-13,147.98,130.98,36.23,28.27,2.66,161.98,7.7,30.32,13.14,141.18,42.80577600000001
Mumbai,2023-05-15,124.92,142.64,39.69,29.9,7.14,120.68,2.05,91.6,13.75,132.00799999999998,120.91932799999998
Mumbai,2023-09-04,138.89,88.18,27.59,7.91,6.13,94.44,37.89,83.26,7.8,118.606,98.7513556
Mumbai,2023-08-04,132.61,140.3,19.36,7.96,6.54,168.36,3.5,28.45,6.46,135.686,38.602667
Mumbai,2023-04-03,7.05,182.32,88.21,11.09,5.88,48.64,34.77,43.51,13.92,77.158,33.5714458
Mumbai,2023-04-13,54.86,75.73,97.58,12.36,8.27,175.15,-7.62,27.06,16.57,63.208,17.1040848
Mumbai,2023-04-05,111.37,113.43,51.81,41.76,7.24,156.97,21.63,60.07,10.86,112.19400000000002,67.39493580000001
Mumbai,2023-04-28,58.34,58.3,89.05,37.88,4.36,22.67,34.56,35.11,10.99,58.324,20.477556399999997
Mumbai,2023-04-18,136.24,98.79,87.03,37.35,9.45,105.94,1.75,40.94,17.21,121.26,49.643844
Mumbai,2023-02-14,125.21,174.92,48.13,17.24,5.39,45.1,16.08,53.87,7.86,145.094,78.1621378
Mumbai,2023-04-07,98.43,192.17,91.72,32.66,8.42,194.85,20.71,42.12,19.7,135.926,57.25203119999999
Mumbai,2023-07-02,20.47,123.01,72.97,21.12,8.87,195.1,34.87,30.3,3.92,61.486000000000004,18.630258
Mumbai,2023-09-13,133.61,114.58,38.15,20.61,7.3,167.72,15.85,98.26,7.0,125.99800000000002,123.80563480000002
Mumbai,2023-03-09,5.6,20.85,37.28,15.51,6.0,96.58,-0.05,44.61,13.71,11.700000000000001,5.2193700000000005
Mumbai,2023-05-20,43.63,63.66,20.89,26.09,5.8,150.77,28.79,61.89,18.81,51.641999999999996,31.9612338
Mumbai,2023-04-23,8.56,114.0,95.08,48.68,0.34,143.35,23.72,34.86,5.11,50.736000000000004,17.686569600000002
Mumbai,2023-02-11,34.34,193.04,7.11,15.64,5.09,104.41,23.0,56.91,6.44,97.82000000000001,55.669362
Mumbai,2023-12-13,121.01,56.81,10.47,6.02,0.27,45.54,-8.9,15.09,19.61,95.33,14.385297
Mumbai,2023-03-05,94.07,93.68,25.87,36.54,0.74,127.5,33.83,99.69,15.66,93.91399999999999,93.6228666
Mumbai,2023-06-26,99.84,91.62,61.01,27.77,7.37,49.93,34.18,30.12,11.05,96.55199999999999,29.0814624
Mumbai,2023-07-26,15.92,144.99,10.03,33.94,0.95,184.02,17.09,16.38,15.83,67.548,11.0643624
Mumbai,2023-06-13,18.18,198.71,80.25,10.99,6.13,107.75,3.43,30.3,12.69,90.39200000000001,27.388776000000004
Mumbai,2023-10-01,70.32,194.19,74.38,35.2,6.35,148.99,16.61,74.23,15.58,119.868,88.9780164
Mumbai,2023-01-01,142.91,161.64,89.73,30.9,1.41,113.05,23.94,96.6,12.03,150.402,145.288332
Mumbai,2023-11-25,147.36,131.85,24.97,26.46,8.97,141.34,35.57,14.6,11.24,141.156,20.608776
Mumbai,2023-10-19,133.32,170.01,76.9,49.01,2.24,82.37,22.57,32.98,16.31,147.99599999999998,48.80908079999999
Mumbai,2023-07-16,15.68,157.19,28.12,37.59,5.73,196.5,8.63,66.03,19.76,72.284,47.729125200000006
Mumbai,2023-11-13,23.93,59.68,33.66,8.28,1.48,25.67,-7.98,88.49,2.33,38.23,33.82972699999999
Mumbai,2023-03-22,89.14,155.04,41.42,6.73,5.77,92.06,25.91,57.65,11.69,115.5,66.58575
Mumbai,2023-09-15,21.05,142.08,62.87,41.03,7.14,189.53,-1.17,24.73,6.16,69.462,17.1779526
Mumbai,2023-01-23,60.74,87.76,66.1,46.08,5.47,111.08,4.3,28.97,12.1,71.548,20.727455600000003
Mumbai,2023-03-11,23.14,135.32,98.21,5.24,0.56,77.69,38.48,29.76,13.21,68.012,20.240371200000002
Mumbai,2023-04-12,22.43,47.62,66.18,16.36,4.3,162.84,-0.3,72.3,8.65,32.506,23.501838
Mumbai,2023-07-19,103.98,180.16,71.04,46.74,8.25,135.88,-2.91,92.13,8.27,134.452,123.8706276
Mumbai,2023-02-24,15.73,69.31,91.31,43.38,0.21,117.61,-2.85,68.89,4.88,37.162000000000006,25.600901800000003
Mumbai,2023-07-13,56.08,82.15,96.79,48.15,5.21,71.61,-9.69,93.25,4.62,66.50800000000001,62.018710000000006
Mumbai,2023-01-04,147.68,118.53,63.76,36.44,9.72,25.04,23.57,44.85,19.15,136.02,61.00497000000001
Mumbai,2023-09-26,18.44,34.22,5.82,44.74,7.86,93.52,20.81,66.17,13.28,24.752000000000002,16.378398400000002
Mumbai,2023-02-19,47.99,14.2,13.05,32.81,7.4,15.7,13.21,15.29,5.71,34.474000000000004,5.2710745999999995
Mumbai,2023-03-27,120.71,76.5,86.92,8.42,2.8,28.78,38.03,80.18,11.09,103.02599999999998,82.6062468
Mumbai,2023-02-10,103.09,193.05,60.68,33.74,8.38,91.23,-9.67,86.54,14.71,139.074,120.35463960000001
Mumbai,2023-11-05,39.51,74.69,18.08,2.38,0.72,196.29,34.6,83.8,18.66,53.582,44.901716
Mumbai,2023-08-15,106.87,111.08,38.75,5.14,1.03,198.76,19.44,12.38,3.76,108.554,13.438985200000001
Mumbai,2023-02-15,33.35,112.23,7.2,1.41,5.03,26.3,2.16,83.01,5.26,64.902,53.87515020000001
Mumbai,2023-04-18,143.81,70.74,8.7,34.67,2.74,187.36,3.03,20.88,18.42,114.582,23.924721599999998
Mumbai,2023-06-04,140.2,131.17,8.95,40.5,5.25,22.31,5.94,44.05,1.26,136.588,60.16701399999999
Mumbai,2023-07-13,30.3,53.77,9.3,41.79,4.26,123.88,24.72,15.39,10.1,39.688,6.1079832000000005
Mumbai,2023-04-07,16.78,140.31,80.37,21.15,1.03,160.35,10.1,29.55,14.2,66.19200000000001,19.559736
Mumbai,2023-11-04,17.33,52.73,11.35,41.88,5.17,52.96,12.63,82.65,3.3,31.489999999999995,26.026484999999997
Mumbai,2023-03-05,47.06,101.75,32.25,14.6,8.39,84.29,8.88,47.13,1.98,68.936,32.48953680000001
Mumbai,2023-04-06,66.83,109.63,74.88,48.61,9.76,160.9,12.03,97.85,2.5,83.95,82.14507499999999
Mumbai,2023-01-12,114.63,80.82,37.1,19.78,9.01,124.8,10.44,16.02,9.16,101.106,16.1971812
Mumbai,2023-12-20,93.66,116.41,44.88,38.69,5.91,111.71,28.74,89.82,10.51,102.75999999999999,92.29903199999998
Mumbai,2023-08-20,35.48,181.35,38.82,29.13,5.61,161.44,21.02,30.29,9.66,93.828,28.4205012
Mumbai,2023-08-09,122.18,174.06,31.89,18.72,3.69,151.34,36.07,31.1,15.2,142.93200000000002,44.451852
Mumbai,2023-12-13,145.61,12.8,55.99,24.85,4.11,169.03,7.91,69.82,16.24,92.486,64.5737252
Mumbai,2023-02-14,142.56,64.96,20.77,24.76,5.42,89.38,22.67,74.95,11.69,111.52,83.58424000000001
Mumbai,2023-09-05,9.82,155.95,69.17,41.06,4.23,66.39,33.38,77.2,5.34,68.27199999999999,52.705983999999994
Mumbai,2023-08-21,140.39,105.69,45.31,3.31,8.71,40.28,39.58,68.11,12.28,126.50999999999999,86.165961
Mumbai,2023-03-05,77.24,193.82,81.59,40.57,1.82,83.73,-4.82,52.65,6.69,123.872,65.21860799999999
Mumbai,2023-01-06,149.3,52.68,47.42,12.4,3.7,161.12,23.11,10.55,4.85,110.652,11.673786000000002
Mumbai,2023-05-03,91.98,49.8,51.74,39.38,7.46,77.38,-2.14,13.98,7.59,75.108,10.5000984
Mumbai,2023-11-06,114.22,11.2,94.8,15.4,4.82,136.28,11.04,92.43,9.26,73.012,67.48499160000001
Mumbai,2023-12-06,7.65,151.41,19.16,19.71,8.35,136.3,16.09,49.39,18.32,65.154,32.1795606
Mumbai,2023-08-16,114.99,22.59,47.14,16.36,6.2,196.87,-4.12,98.88,1.09,78.03,77.15606399999999
Mumbai,2023-11-07,6.1,125.09,39.55,40.28,6.7,60.8,5.18,27.24,1.27,53.696,14.626790399999997
