Age,Gender,EducationLevel,ExperienceYears,PreviousCompanies,DistanceFromCompany,InterviewScore,SkillScore,PersonalityScore,RecruitmentStrategy,HiringDecision,Cohort
26,1,2,0,3,26.78382755385365,48,78,91,1,1,Cohort A (Age < 30)
27,0,3,14,4,31.706658809375902,54,50,50,1,1,Cohort A (Age < 30)
26,1,3,6,5,28.77486400848157,80,78,51,1,1,Cohort A (Age < 30)
23,1,1,7,5,42.38375973906359,72,0,97,2,0,Cohort A (Age < 30)
27,1,4,1,5,37.993391330020174,11,34,41,1,0,Cohort A (Age < 30)
22,1,1,9,3,6.955326793835813,62,57,26,2,0,Cohort A (Age < 30)
21,0,2,7,4,26.903858259878053,91,0,38,3,0,Cohort A (Age < 30)
25,0,2,9,4,47.42984407653192,82,82,44,2,0,Cohort A (Age < 30)
21,1,2,0,4,37.93717548079651,100,28,87,3,0,Cohort A (Age < 30)
20,1,1,9,3,35.80962251505449,79,99,48,2,0,Cohort A (Age < 30)
29,1,3,10,4,36.37131375809662,1,86,6,1,1,Cohort A (Age < 30)
22,1,2,9,2,7.818516373378292,20,10,52,2,0,Cohort A (Age < 30)
24,0,1,5,5,37.40061288980987,43,28,53,2,0,Cohort A (Age < 30)
26,1,2,9,1,13.873948807186242,70,66,44,3,0,Cohort A (Age < 30)
28,0,2,6,3,20.27767822006569,76,60,13,1,1,Cohort A (Age < 30)
26,1,2,6,5,26.33428954270014,100,18,28,1,1,Cohort A (Age < 30)
23,0,3,12,3,38.4976840901204,40,48,6,2,0,Cohort A (Age < 30)
28,1,4,5,5,15.393983903484042,70,15,58,2,0,Cohort A (Age < 30)
21,0,2,2,1,44.12448109491505,28,11,43,2,0,Cohort A (Age < 30)
26,0,2,13,4,32.17595975870772,69,32,59,2,0,Cohort A (Age < 30)
27,0,2,5,2,34.6377993123462,60,69,7,2,0,Cohort A (Age < 30)
22,0,2,5,1,9.979989072004797,29,79,40,3,0,Cohort A (Age < 30)
23,0,2,9,4,24.76929276777412,24,45,68,1,1,Cohort A (Age < 30)
27,1,2,0,3,38.50766147157562,64,76,13,1,0,Cohort A (Age < 30)
23,0,1,15,4,23.84089022780676,5,51,95,1,1,Cohort A (Age < 30)
21,0,1,15,3,43.28336745493857,17,9,25,2,0,Cohort A (Age < 30)
25,0,2,8,3,13.767667511445074,91,73,57,2,0,Cohort A (Age < 30)
29,0,2,3,4,19.899701931307654,96,94,39,1,1,Cohort A (Age < 30)
23,1,2,10,4,50.05907793969211,64,76,50,2,0,Cohort A (Age < 30)
21,1,2,9,3,28.375894202999724,81,82,53,1,1,Cohort A (Age < 30)
29,0,2,8,2,48.188905568418456,77,86,10,2,0,Cohort A (Age < 30)
23,0,1,4,3,6.028136604172218,90,12,7,3,0,Cohort A (Age < 30)
27,1,1,15,4,33.68933755622308,100,66,27,1,1,Cohort A (Age < 30)
27,0,2,1,4,50.66325982148733,1,85,78,1,1,Cohort A (Age < 30)
28,0,2,0,2,6.664980219913385,32,78,64,1,1,Cohort A (Age < 30)
20,1,4,12,5,4.193988371545142,80,68,78,2,1,Cohort A (Age < 30)
26,0,1,9,4,12.015954931098376,45,68,48,1,1,Cohort A (Age < 30)
28,1,3,15,2,26.76525939971884,15,37,54,2,0,Cohort A (Age < 30)
20,1,2,5,5,38.58853938414891,83,25,72,2,0,Cohort A (Age < 30)
27,0,2,5,2,38.17175869780972,91,3,55,1,0,Cohort A (Age < 30)
27,1,3,1,2,43.54759497034,96,71,96,2,1,Cohort A (Age < 30)
22,0,1,2,2,18.292942898763464,65,19,15,2,0,Cohort A (Age < 30)
22,1,2,3,1,2.760758676276175,78,15,7,1,0,Cohort A (Age < 30)
20,0,3,10,5,38.308981927613615,85,20,92,3,1,Cohort A (Age < 30)
24,0,1,14,4,9.029684752165428,81,89,44,2,0,Cohort A (Age < 30)
29,1,1,8,3,27.86702484215906,21,86,94,1,1,Cohort A (Age < 30)
26,0,2,11,3,10.597771949786289,45,81,39,1,1,Cohort A (Age < 30)
28,1,2,14,3,14.577522758874284,12,30,13,2,0,Cohort A (Age < 30)
26,0,2,12,1,43.248542682005066,4,11,93,2,0,Cohort A (Age < 30)
28,0,2,10,4,24.816117610345216,89,64,52,1,1,Cohort A (Age < 30)
27,0,2,8,4,34.48772256091239,76,72,26,2,0,Cohort A (Age < 30)
21,1,1,9,1,15.90034285968777,77,89,79,2,1,Cohort A (Age < 30)
20,1,3,2,3,32.27390302123307,23,8,5,1,0,Cohort A (Age < 30)
24,0,1,8,5,50.77554840079332,62,97,11,2,0,Cohort A (Age < 30)
22,0,2,9,3,23.513840522079537,77,96,19,2,0,Cohort A (Age < 30)
27,1,2,3,3,23.141468519216208,27,72,63,1,1,Cohort A (Age < 30)
22,0,1,6,4,48.60478258264619,42,70,93,3,0,Cohort A (Age < 30)
20,1,2,0,1,18.09328843990755,16,20,89,2,0,Cohort A (Age < 30)
22,1,4,4,2,50.29018297251525,39,18,21,2,0,Cohort A (Age < 30)
24,1,3,6,1,42.93044437669811,48,88,96,1,1,Cohort A (Age < 30)
22,1,1,3,1,1.4388605973964732,86,74,85,2,0,Cohort A (Age < 30)
20,0,1,14,2,20.106645441299392,83,32,44,1,1,Cohort A (Age < 30)
24,1,2,15,3,16.090468483134686,63,31,76,3,0,Cohort A (Age < 30)
26,1,2,4,4,32.05931610970416,73,71,12,1,1,Cohort A (Age < 30)
28,1,3,15,5,49.84827730633113,99,100,43,2,1,Cohort A (Age < 30)
29,1,1,12,1,41.653139860706005,22,96,100,2,0,Cohort A (Age < 30)
26,1,2,0,4,32.37339493830364,64,69,80,1,1,Cohort A (Age < 30)
23,1,2,13,3,12.779411412233877,87,93,0,3,0,Cohort A (Age < 30)
24,0,1,6,5,20.956305022248305,78,2,67,1,1,Cohort A (Age < 30)
26,0,3,1,5,11.174399727765628,71,50,20,2,0,Cohort A (Age < 30)
23,0,2,10,2,21.25742768392033,98,63,50,3,0,Cohort A (Age < 30)
26,1,2,12,3,32.44364484940877,59,80,94,1,1,Cohort A (Age < 30)
21,0,1,5,3,33.67933850222099,37,44,58,2,0,Cohort A (Age < 30)
29,0,2,0,5,14.699439077150904,10,3,5,1,0,Cohort A (Age < 30)
25,0,2,7,3,15.5846725360793,10,98,23,1,1,Cohort A (Age < 30)
26,0,1,11,5,40.7830115330721,54,37,20,1,0,Cohort A (Age < 30)
20,0,2,5,1,15.11569171053601,59,85,98,2,0,Cohort A (Age < 30)
20,0,2,4,5,30.26484141671557,1,97,19,3,0,Cohort A (Age < 30)
28,0,1,12,4,16.535766415572372,55,79,84,2,0,Cohort A (Age < 30)
22,0,2,9,5,26.72448011560194,62,63,36,3,0,Cohort A (Age < 30)
26,0,4,10,4,43.841767486158815,74,63,5,2,1,Cohort A (Age < 30)
25,1,3,10,5,24.34390495615522,14,61,70,2,1,Cohort A (Age < 30)
27,0,1,11,2,18.98599309551348,91,67,25,3,0,Cohort A (Age < 30)
28,1,4,9,4,36.86813765181834,37,91,72,1,1,Cohort A (Age < 30)
24,1,3,3,5,47.94384875711365,56,79,3,2,0,Cohort A (Age < 30)
20,1,3,1,5,15.747291202117102,49,58,20,2,0,Cohort A (Age < 30)
29,0,2,10,3,38.84638296707208,14,96,20,1,1,Cohort A (Age < 30)
28,1,4,5,5,37.34384530698858,42,26,36,2,0,Cohort A (Age < 30)
26,1,2,6,5,42.97266171047754,33,75,83,2,0,Cohort A (Age < 30)
21,1,2,12,4,33.54166107807425,0,5,33,1,0,Cohort A (Age < 30)
22,0,2,10,5,31.753231492890563,82,40,75,3,0,Cohort A (Age < 30)
24,0,4,7,2,26.659494585491487,84,4,23,1,1,Cohort A (Age < 30)
21,1,3,2,4,19.79262325909896,67,64,35,2,0,Cohort A (Age < 30)
21,1,1,13,4,42.02723238729936,11,82,37,2,0,Cohort A (Age < 30)
24,1,3,0,4,3.624085504986379,0,2,45,1,0,Cohort A (Age < 30)
20,0,3,5,1,23.511814333630863,29,24,22,3,0,Cohort A (Age < 30)
20,1,2,5,4,13.737435366835944,96,68,11,2,0,Cohort A (Age < 30)
21,1,1,12,2,27.077549195548357,35,82,14,3,0,Cohort A (Age < 30)
25,0,4,11,3,39.29342128312658,59,32,14,1,1,Cohort A (Age < 30)
23,0,3,1,2,3.3529189730009445,54,56,41,2,0,Cohort A (Age < 30)
25,1,2,2,1,29.096762675983168,25,52,92,2,0,Cohort A (Age < 30)
24,0,1,4,4,31.47529455024916,79,88,51,3,0,Cohort A (Age < 30)
21,1,1,3,2,40.59965167028548,64,37,72,3,0,Cohort A (Age < 30)
25,1,2,11,3,50.3343805808512,74,21,52,2,0,Cohort A (Age < 30)
20,0,2,8,2,48.26858248073889,80,16,3,2,0,Cohort A (Age < 30)
28,0,4,4,3,3.861834675840469,57,100,68,3,0,Cohort A (Age < 30)
25,1,1,9,2,28.365237205734218,41,88,91,2,0,Cohort A (Age < 30)
22,1,2,8,1,24.612424947257928,42,55,93,1,1,Cohort A (Age < 30)
23,0,2,15,3,36.45007556631898,13,2,20,2,0,Cohort A (Age < 30)
22,1,3,4,2,20.613352076177357,41,85,81,3,0,Cohort A (Age < 30)
26,0,2,0,1,4.195047102418691,41,81,27,2,0,Cohort A (Age < 30)
28,1,2,9,4,6.768140065285193,25,28,81,3,0,Cohort A (Age < 30)
20,0,2,6,1,44.48406616718314,0,38,82,3,0,Cohort A (Age < 30)
27,0,3,15,4,24.611321287810217,55,90,2,1,1,Cohort A (Age < 30)
26,0,1,0,5,36.64411846723682,1,99,72,2,0,Cohort A (Age < 30)
27,1,1,4,2,13.935547370781723,29,16,94,2,0,Cohort A (Age < 30)
20,0,4,12,2,18.3596083781106,70,55,48,2,0,Cohort A (Age < 30)
29,0,1,5,5,2.202061868321891,83,60,2,2,0,Cohort A (Age < 30)
22,0,1,4,3,27.70698480678486,52,22,82,2,0,Cohort A (Age < 30)
26,1,2,9,4,35.41692057732824,82,26,27,2,0,Cohort A (Age < 30)
21,1,1,14,4,7.461190005137468,42,100,36,1,1,Cohort A (Age < 30)
20,0,3,5,4,3.8870539733518,38,60,64,3,0,Cohort A (Age < 30)
24,1,3,4,4,6.187817176792819,47,99,2,1,1,Cohort A (Age < 30)
24,0,2,6,2,15.771101815688247,6,48,25,1,0,Cohort A (Age < 30)
28,0,2,13,1,7.666340817128757,15,1,25,2,0,Cohort A (Age < 30)
28,0,2,3,2,43.59229629194439,0,95,22,2,0,Cohort A (Age < 30)
22,1,3,14,5,41.85955253633205,36,49,29,1,1,Cohort A (Age < 30)
22,0,3,0,2,12.98228924787783,63,7,63,2,0,Cohort A (Age < 30)
20,1,2,4,2,17.89907752349181,60,3,19,3,0,Cohort A (Age < 30)
27,1,3,5,4,8.177237797188397,59,86,0,2,0,Cohort A (Age < 30)
23,1,2,5,2,10.270442518702716,81,87,1,1,1,Cohort A (Age < 30)
25,0,1,0,1,10.10315644409277,73,68,57,1,1,Cohort A (Age < 30)
27,1,2,13,2,26.64314396884956,23,68,18,2,0,Cohort A (Age < 30)
22,1,1,10,4,36.34781592467113,3,72,71,2,0,Cohort A (Age < 30)
22,0,2,13,3,23.50549293425148,17,79,28,2,0,Cohort A (Age < 30)
21,0,3,3,2,30.060773874469163,82,78,56,1,1,Cohort A (Age < 30)
22,1,2,8,4,7.221094342594674,27,76,17,2,0,Cohort A (Age < 30)
28,1,1,10,4,26.6977723345354,64,71,33,2,0,Cohort A (Age < 30)
23,0,2,13,5,35.506155884100394,41,42,95,1,1,Cohort A (Age < 30)
20,0,2,6,5,42.87247975417309,84,81,92,3,1,Cohort A (Age < 30)
23,0,1,6,2,17.149484158843418,8,35,88,2,0,Cohort A (Age < 30)
20,1,2,14,5,45.45060950554797,59,25,59,3,0,Cohort A (Age < 30)
27,1,2,13,5,6.32058814514223,63,76,32,2,0,Cohort A (Age < 30)
26,1,1,11,4,42.08762084926952,40,0,37,2,0,Cohort A (Age < 30)
22,0,3,7,5,7.94844959433123,86,86,34,2,1,Cohort A (Age < 30)
20,0,2,10,1,3.395693395666687,55,66,82,3,0,Cohort A (Age < 30)
25,1,2,7,5,21.255402729392834,96,42,3,2,0,Cohort A (Age < 30)
25,0,4,14,4,1.1354074910226044,50,59,12,3,0,Cohort A (Age < 30)
27,0,2,1,1,1.3883321076984358,30,73,36,2,0,Cohort A (Age < 30)
21,0,1,12,4,14.913383040938482,61,18,0,2,0,Cohort A (Age < 30)
20,0,2,1,4,41.73968337618293,13,42,20,2,0,Cohort A (Age < 30)
20,1,3,14,5,47.89128999925335,78,40,57,2,0,Cohort A (Age < 30)
24,1,1,12,3,34.85724833358346,7,89,43,1,1,Cohort A (Age < 30)
23,0,2,12,5,13.699237668812676,27,76,3,2,0,Cohort A (Age < 30)
22,0,2,12,3,44.884608941392415,67,32,63,2,0,Cohort A (Age < 30)
25,1,1,9,1,44.31135152893384,28,46,58,1,0,Cohort A (Age < 30)
22,0,2,0,5,44.57929414312033,81,53,52,1,1,Cohort A (Age < 30)
28,0,2,6,2,23.219780922554023,38,93,77,2,0,Cohort A (Age < 30)
24,0,4,9,5,16.164146970226355,81,82,9,1,1,Cohort A (Age < 30)
22,1,2,0,4,1.629820063589348,59,59,81,2,0,Cohort A (Age < 30)
20,0,4,8,3,10.14322633774362,19,53,82,3,1,Cohort A (Age < 30)
20,1,3,4,1,9.80123775205669,97,69,54,2,0,Cohort A (Age < 30)
22,0,1,10,2,44.31164351338352,60,89,65,2,0,Cohort A (Age < 30)
29,0,2,11,1,44.1105711660969,83,76,54,1,1,Cohort A (Age < 30)
22,1,2,11,5,43.589516933027085,4,0,18,2,0,Cohort A (Age < 30)
27,1,3,8,3,3.628719890550157,79,39,27,1,1,Cohort A (Age < 30)
21,1,2,15,4,29.46489670673976,12,47,12,1,0,Cohort A (Age < 30)
29,0,1,11,5,26.913986034435556,27,80,10,3,0,Cohort A (Age < 30)
21,1,3,2,4,37.11080493368231,41,54,47,2,0,Cohort A (Age < 30)
27,0,2,6,3,36.72298419428909,60,7,53,3,0,Cohort A (Age < 30)
20,0,4,13,3,23.231382895695237,63,85,49,2,0,Cohort A (Age < 30)
28,1,4,12,3,2.3540566835025523,30,67,27,2,0,Cohort A (Age < 30)
26,1,2,8,5,7.230669283916368,7,89,85,2,0,Cohort A (Age < 30)
29,0,2,14,1,3.6359883167250575,76,79,38,3,0,Cohort A (Age < 30)
22,0,2,4,5,15.897746565843272,68,84,43,2,0,Cohort A (Age < 30)
26,0,3,15,3,32.420347882049484,47,23,73,2,0,Cohort A (Age < 30)
23,1,1,1,3,2.9378467777091237,1,100,80,3,0,Cohort A (Age < 30)
20,0,1,5,1,14.277879900620682,3,94,70,1,1,Cohort A (Age < 30)
27,1,3,5,4,41.33867848243837,99,50,71,1,1,Cohort A (Age < 30)
21,1,2,8,2,50.95247490518225,33,64,96,1,1,Cohort A (Age < 30)
21,1,2,0,3,12.016369671879128,42,35,85,2,0,Cohort A (Age < 30)
29,1,2,2,4,45.97062610836626,14,79,71,2,0,Cohort A (Age < 30)
25,1,2,5,3,7.676711658037471,52,14,32,2,0,Cohort A (Age < 30)
24,1,2,6,1,26.34998100716737,68,59,35,2,0,Cohort A (Age < 30)
20,0,1,13,5,29.608598089188487,18,56,80,3,0,Cohort A (Age < 30)
27,1,2,3,1,47.61740708168554,37,70,87,1,1,Cohort A (Age < 30)
24,0,3,9,3,40.45480558243784,20,54,29,2,0,Cohort A (Age < 30)
26,0,2,14,1,31.144644130271764,81,56,75,1,1,Cohort A (Age < 30)
23,1,2,10,2,33.71102310145065,56,12,43,1,0,Cohort A (Age < 30)
25,1,2,15,3,50.90999538328088,49,46,11,3,0,Cohort A (Age < 30)
22,0,2,13,4,2.082278067349179,72,21,59,2,0,Cohort A (Age < 30)
27,1,2,0,1,35.04766457017881,41,28,12,3,0,Cohort A (Age < 30)
29,1,1,12,4,38.58972936836282,67,100,19,2,0,Cohort A (Age < 30)
24,0,4,15,3,14.7585056244034,24,24,91,1,1,Cohort A (Age < 30)
28,1,4,3,1,34.09053642872124,88,45,60,1,1,Cohort A (Age < 30)
20,1,2,4,1,35.97671288077619,25,45,51,1,0,Cohort A (Age < 30)
20,0,3,11,1,18.15258662598253,99,20,68,2,1,Cohort A (Age < 30)
21,1,2,10,2,6.126459911390069,46,18,46,2,0,Cohort A (Age < 30)
27,1,1,11,4,50.15323498074103,15,90,63,2,0,Cohort A (Age < 30)
20,1,4,9,2,37.8413227875752,76,27,27,1,1,Cohort A (Age < 30)
26,0,2,6,4,7.861357330843553,76,54,73,1,1,Cohort A (Age < 30)
24,1,3,2,2,18.59648853658884,84,86,35,3,0,Cohort A (Age < 30)
22,1,1,3,1,13.712958049446527,71,68,47,1,1,Cohort A (Age < 30)
24,0,1,13,4,31.28768652604672,53,68,29,2,0,Cohort A (Age < 30)
24,0,3,10,1,37.37261956430603,54,17,0,3,0,Cohort A (Age < 30)
24,1,2,7,3,27.272256318108976,37,96,46,2,0,Cohort A (Age < 30)
26,0,3,9,3,49.32794592775716,74,96,63,3,1,Cohort A (Age < 30)
23,0,2,11,2,23.036952054213177,40,38,5,3,0,Cohort A (Age < 30)
20,1,2,10,4,14.02015543939542,66,60,52,2,0,Cohort A (Age < 30)
24,0,2,0,2,35.34707175017552,19,17,4,2,0,Cohort A (Age < 30)
29,0,2,1,5,15.189897152077457,48,38,13,1,0,Cohort A (Age < 30)
24,1,1,2,2,16.290675564183196,30,53,62,2,0,Cohort A (Age < 30)
23,1,3,9,2,38.96194898284976,57,98,93,2,1,Cohort A (Age < 30)
21,0,2,6,2,31.9873927245783,41,93,51,3,0,Cohort A (Age < 30)
29,1,1,15,3,18.165048459787048,29,10,28,2,0,Cohort A (Age < 30)
20,1,2,5,1,39.84468741024364,71,24,22,2,0,Cohort A (Age < 30)
24,0,2,14,1,34.019412619791275,7,31,94,2,0,Cohort A (Age < 30)
23,0,2,5,5,34.6415844960215,2,94,98,3,0,Cohort A (Age < 30)
21,0,1,13,4,22.599468573172043,16,0,16,2,0,Cohort A (Age < 30)
22,0,2,10,4,3.4039484243225107,95,61,0,2,0,Cohort A (Age < 30)
20,1,2,6,3,1.7323563636243369,19,12,92,2,0,Cohort A (Age < 30)
20,1,2,5,3,47.05719400904209,34,34,92,2,0,Cohort A (Age < 30)
24,1,1,14,2,38.68600882810648,51,76,49,2,0,Cohort A (Age < 30)
22,0,1,3,4,45.75382795809225,3,53,87,2,0,Cohort A (Age < 30)
20,0,2,15,3,29.69645680614911,26,15,19,2,0,Cohort A (Age < 30)
20,0,2,6,2,18.538881150515607,43,17,13,3,0,Cohort A (Age < 30)
27,1,3,6,3,42.634687317471005,39,6,4,2,0,Cohort A (Age < 30)
29,1,1,5,4,25.67033502066976,46,44,40,2,0,Cohort A (Age < 30)
21,1,2,11,4,42.651713197053496,67,39,26,1,0,Cohort A (Age < 30)
22,1,3,14,5,10.833361619515363,3,54,32,2,0,Cohort A (Age < 30)
27,0,3,4,3,12.154316726448744,47,55,35,2,0,Cohort A (Age < 30)
29,1,2,14,2,10.511396541006878,38,5,66,2,0,Cohort A (Age < 30)
21,1,3,7,5,4.551871070167062,18,73,23,1,1,Cohort A (Age < 30)
28,0,1,1,5,17.784120032142084,82,67,69,2,0,Cohort A (Age < 30)
26,0,3,15,3,29.729109877593977,76,72,87,1,1,Cohort A (Age < 30)
23,1,1,5,2,26.73921174665672,76,6,86,2,0,Cohort A (Age < 30)
23,0,2,12,4,5.339147703249524,72,65,60,1,1,Cohort A (Age < 30)
23,1,3,1,5,12.469675107719102,95,3,50,2,0,Cohort A (Age < 30)
29,1,2,1,3,11.915155590575615,32,5,75,2,0,Cohort A (Age < 30)
24,1,2,7,3,3.734658728813383,16,37,55,1,0,Cohort A (Age < 30)
28,0,1,10,2,1.883502239771694,23,25,26,2,0,Cohort A (Age < 30)
22,0,3,5,4,9.609873971181653,61,89,61,2,0,Cohort A (Age < 30)
22,0,2,15,5,26.526013064942237,61,87,63,3,0,Cohort A (Age < 30)
23,0,2,15,5,22.239167076209316,15,98,29,3,0,Cohort A (Age < 30)
26,0,2,11,1,1.3420374074181776,95,34,12,1,1,Cohort A (Age < 30)
24,0,2,10,1,7.590341494833968,11,100,24,2,0,Cohort A (Age < 30)
22,1,2,2,2,25.461943071388724,62,8,17,2,0,Cohort A (Age < 30)
28,0,2,14,3,11.887435241701098,61,75,31,2,0,Cohort A (Age < 30)
23,1,1,10,5,9.128060296570755,96,92,45,1,1,Cohort A (Age < 30)
28,0,2,11,2,40.5681459561443,78,24,18,2,0,Cohort A (Age < 30)
28,0,3,2,4,23.887190858310667,45,46,45,2,0,Cohort A (Age < 30)
26,1,2,5,2,5.777955197916761,63,79,93,1,1,Cohort A (Age < 30)
24,1,2,6,1,1.352145731207093,53,95,2,2,0,Cohort A (Age < 30)
22,1,2,14,4,41.27480230161222,87,72,27,1,1,Cohort A (Age < 30)
23,1,3,15,5,39.50106142279143,32,96,75,3,1,Cohort A (Age < 30)
26,0,3,2,2,37.71750176676479,97,19,74,1,1,Cohort A (Age < 30)
29,0,3,12,5,40.08644945023797,4,35,94,2,0,Cohort A (Age < 30)
26,1,1,14,4,14.03308274164683,60,0,12,1,0,Cohort A (Age < 30)
24,0,2,9,3,26.72808951741492,47,83,96,2,0,Cohort A (Age < 30)
22,1,2,12,3,36.44821335618887,60,13,61,2,0,Cohort A (Age < 30)
28,1,1,10,3,40.32528567640611,81,18,3,2,0,Cohort A (Age < 30)
29,0,1,13,3,13.185410595217132,81,76,55,1,1,Cohort A (Age < 30)
25,1,2,14,4,50.18675168378789,90,79,90,2,1,Cohort A (Age < 30)
26,0,3,10,4,19.040315568900127,56,23,94,1,1,Cohort A (Age < 30)
27,1,2,4,3,7.390592218019137,4,53,8,2,0,Cohort A (Age < 30)
29,0,2,11,4,30.11187244012932,70,40,62,2,0,Cohort A (Age < 30)
28,1,2,1,3,15.993713422203248,82,48,71,1,1,Cohort A (Age < 30)
21,0,3,9,5,18.23848834499371,98,29,20,2,0,Cohort A (Age < 30)
24,0,2,3,2,20.51477736063853,100,43,54,3,0,Cohort A (Age < 30)
24,1,3,8,2,41.680440668367794,29,54,56,2,0,Cohort A (Age < 30)
25,0,1,13,3,36.74764117758885,19,18,1,2,0,Cohort A (Age < 30)
27,1,3,15,4,46.51083274833223,2,1,3,2,0,Cohort A (Age < 30)
20,0,2,1,4,2.440059027325935,38,6,47,3,0,Cohort A (Age < 30)
26,0,2,7,5,9.637837812310496,84,79,11,2,0,Cohort A (Age < 30)
23,0,1,4,1,48.95421211412017,12,91,49,2,0,Cohort A (Age < 30)
23,0,3,11,3,10.617318157695752,27,70,1,2,0,Cohort A (Age < 30)
25,1,1,4,3,36.86863870314867,26,93,54,2,0,Cohort A (Age < 30)
26,1,2,5,1,22.764636209381703,64,38,60,1,0,Cohort A (Age < 30)
29,0,3,5,5,10.981440382995876,62,92,11,1,1,Cohort A (Age < 30)
26,0,2,15,3,8.275865019371247,12,54,43,1,1,Cohort A (Age < 30)
22,0,1,3,2,14.459486973665264,54,29,94,2,0,Cohort A (Age < 30)
27,1,2,0,5,37.94652276747361,99,29,5,1,0,Cohort A (Age < 30)
28,0,4,13,5,3.6453716635332194,11,6,59,3,0,Cohort A (Age < 30)
26,0,2,1,1,36.05721099833267,61,48,11,2,0,Cohort A (Age < 30)
20,0,4,3,4,3.786399285049224,17,72,12,2,0,Cohort A (Age < 30)
22,1,2,1,5,46.58639241708163,93,40,99,2,0,Cohort A (Age < 30)
20,1,1,3,1,36.96503045125568,72,31,7,1,0,Cohort A (Age < 30)
25,1,3,13,3,31.937349122880317,49,83,96,2,1,Cohort A (Age < 30)
25,0,2,2,5,11.886244939945112,88,9,78,1,1,Cohort A (Age < 30)
24,0,2,5,5,16.11978701519611,18,20,4,2,0,Cohort A (Age < 30)
23,0,1,9,3,3.540129484447112,22,75,94,3,0,Cohort A (Age < 30)
22,1,2,10,1,24.415029572819257,8,10,12,1,0,Cohort A (Age < 30)
28,0,2,3,3,2.4114379825353183,13,2,92,2,0,Cohort A (Age < 30)
20,0,1,13,3,22.49223348715777,15,83,37,2,0,Cohort A (Age < 30)
22,0,3,3,1,15.471818401501096,43,10,41,2,0,Cohort A (Age < 30)
29,0,3,6,4,26.45789827813013,14,51,14,3,0,Cohort A (Age < 30)
27,1,3,12,2,21.344921569531397,71,19,72,1,1,Cohort A (Age < 30)
25,1,1,10,1,12.034953739266756,33,1,52,1,0,Cohort A (Age < 30)
27,0,2,4,1,32.763249367954046,86,77,37,1,1,Cohort A (Age < 30)
23,0,2,15,2,47.25322782235275,22,99,48,1,1,Cohort A (Age < 30)
27,1,3,8,4,6.181836324039779,13,71,92,3,1,Cohort A (Age < 30)
24,1,4,0,4,21.396890918392053,95,73,19,2,0,Cohort A (Age < 30)
28,1,4,14,1,50.01306039082496,96,22,32,1,1,Cohort A (Age < 30)
23,0,2,14,5,33.50566117096068,89,2,99,2,0,Cohort A (Age < 30)
28,0,2,14,3,45.951199132474194,78,51,27,2,0,Cohort A (Age < 30)
20,1,2,4,1,32.18718630437978,12,45,44,2,0,Cohort A (Age < 30)
22,0,2,0,4,35.459070521375835,9,81,77,2,0,Cohort A (Age < 30)
25,1,2,15,5,11.780488262152238,26,88,43,3,0,Cohort A (Age < 30)
24,1,4,12,1,28.101353483318984,51,2,16,1,1,Cohort A (Age < 30)
21,1,2,10,5,48.04381337473544,16,9,28,3,0,Cohort A (Age < 30)
29,0,2,1,3,10.144652653433432,94,26,50,1,0,Cohort A (Age < 30)
24,0,2,10,4,50.14300589277102,81,25,62,1,1,Cohort A (Age < 30)
20,1,4,5,5,13.888924410199564,69,61,84,1,1,Cohort A (Age < 30)
20,1,3,9,4,1.718647588888882,52,46,39,1,1,Cohort A (Age < 30)
20,1,1,7,1,27.82628041967241,29,91,72,3,0,Cohort A (Age < 30)
21,1,2,6,5,43.99703570917046,36,0,58,2,0,Cohort A (Age < 30)
28,1,2,7,2,11.65176599216321,66,50,68,2,0,Cohort A (Age < 30)
22,0,1,10,1,31.38892193034436,42,69,86,1,1,Cohort A (Age < 30)
20,1,4,15,2,33.15304967700148,84,67,77,2,1,Cohort A (Age < 30)
25,0,3,7,2,2.567133442943336,75,91,96,3,1,Cohort A (Age < 30)
24,0,3,6,3,47.721010842125686,91,67,26,1,1,Cohort A (Age < 30)
24,0,2,0,5,37.75130745525494,62,3,58,2,0,Cohort A (Age < 30)
25,1,1,3,3,44.32255316245208,60,46,5,3,0,Cohort A (Age < 30)
22,0,2,12,3,27.044108922375557,39,20,96,2,0,Cohort A (Age < 30)
24,1,2,3,1,14.03375788702968,23,65,22,3,0,Cohort A (Age < 30)
24,0,1,9,1,1.0313758314228083,57,6,50,1,0,Cohort A (Age < 30)
29,1,1,5,4,49.154706544890125,89,48,18,2,0,Cohort A (Age < 30)
29,1,3,3,3,46.87724472981724,93,15,50,2,0,Cohort A (Age < 30)
28,1,2,14,1,1.7960133631399302,61,74,82,2,0,Cohort A (Age < 30)
20,1,3,14,3,49.04147085400942,70,32,90,2,0,Cohort A (Age < 30)
23,0,2,1,3,14.708201883615006,29,86,37,2,0,Cohort A (Age < 30)
20,0,1,6,1,39.15750288727806,31,85,6,2,0,Cohort A (Age < 30)
27,0,1,11,5,20.255306149496025,56,97,49,2,0,Cohort A (Age < 30)
21,0,2,13,3,21.894199830880485,8,78,51,2,0,Cohort A (Age < 30)
27,1,2,4,4,23.564258858881995,8,41,18,3,0,Cohort A (Age < 30)
26,0,1,15,1,6.849152319262879,12,92,8,1,1,Cohort A (Age < 30)
21,1,3,7,1,30.066050986252662,34,16,49,1,1,Cohort A (Age < 30)
22,1,3,7,2,24.72721750792781,63,35,21,2,0,Cohort A (Age < 30)
20,1,2,11,3,30.21979607947287,95,47,64,1,1,Cohort A (Age < 30)
24,1,2,0,3,41.273314152029336,95,94,7,2,0,Cohort A (Age < 30)
24,1,3,1,4,28.872048358179995,97,74,84,3,1,Cohort A (Age < 30)
21,0,1,12,3,6.313295239619792,77,2,99,2,0,Cohort A (Age < 30)
26,1,3,1,1,23.367527450281283,5,59,7,1,1,Cohort A (Age < 30)
25,1,2,2,3,11.522983608826712,72,62,9,3,0,Cohort A (Age < 30)
21,0,2,7,1,44.86548680965178,83,51,54,2,0,Cohort A (Age < 30)
25,1,2,0,3,15.518094268334048,97,89,53,2,0,Cohort A (Age < 30)
21,1,4,9,2,15.924654903748165,25,13,39,3,0,Cohort A (Age < 30)
21,1,2,0,3,37.55051745697416,55,56,45,1,0,Cohort A (Age < 30)
25,1,2,7,5,12.878000728388493,77,89,38,2,0,Cohort A (Age < 30)
20,1,2,3,3,25.463963052580155,91,49,14,2,0,Cohort A (Age < 30)
29,0,4,15,1,24.13051516284892,50,80,79,2,1,Cohort A (Age < 30)
24,1,1,11,2,10.178205710846644,90,18,65,2,0,Cohort A (Age < 30)
23,1,3,5,2,22.444219469735508,23,38,46,3,0,Cohort A (Age < 30)
29,1,1,2,3,10.449282998558756,25,72,8,2,0,Cohort A (Age < 30)
29,0,2,8,3,26.960348730173006,81,53,80,3,1,Cohort A (Age < 30)
24,0,4,6,4,37.73796444246893,43,10,85,2,0,Cohort A (Age < 30)
21,1,1,6,1,17.07665044191704,60,38,63,2,0,Cohort A (Age < 30)
25,1,2,3,5,2.7325354907008537,92,67,23,1,1,Cohort A (Age < 30)
21,0,3,8,2,46.734728016852856,73,62,33,3,1,Cohort A (Age < 30)
27,0,1,5,5,45.00773664551295,2,4,59,2,0,Cohort A (Age < 30)
23,1,2,3,5,10.749836876050988,67,58,95,1,1,Cohort A (Age < 30)
27,1,4,11,3,16.67386799232252,40,67,20,2,0,Cohort A (Age < 30)
23,1,1,6,5,32.02784235117293,36,8,23,2,0,Cohort A (Age < 30)
22,1,1,12,1,6.600585653410284,7,26,53,2,0,Cohort A (Age < 30)
22,1,2,15,3,43.47322149642777,37,9,9,2,0,Cohort A (Age < 30)
24,1,1,2,5,21.18129476349485,82,62,33,1,1,Cohort A (Age < 30)
29,1,4,12,3,34.6322171763395,94,62,94,2,1,Cohort A (Age < 30)
25,1,1,5,5,34.998585504468814,51,49,22,2,0,Cohort A (Age < 30)
20,0,3,15,2,11.14365879571173,87,3,69,1,1,Cohort A (Age < 30)
24,1,2,12,1,38.2814166260251,97,47,79,2,0,Cohort A (Age < 30)
28,0,4,5,2,50.780952981135336,22,31,1,1,0,Cohort A (Age < 30)
21,0,1,13,2,1.792592111593815,37,73,69,3,0,Cohort A (Age < 30)
28,0,1,9,1,29.325908279391506,56,58,46,2,0,Cohort A (Age < 30)
23,0,2,8,2,6.5071141459483215,45,98,93,1,1,Cohort A (Age < 30)
20,0,2,14,2,20.475801297270436,17,92,38,1,1,Cohort A (Age < 30)
27,0,3,13,2,13.053217292836832,42,58,44,3,0,Cohort A (Age < 30)
22,0,2,9,5,19.004981539105664,32,67,64,2,0,Cohort A (Age < 30)
21,1,4,12,4,1.0634038457745123,1,24,22,2,0,Cohort A (Age < 30)
26,0,2,12,1,16.777673722155544,26,55,42,2,0,Cohort A (Age < 30)
22,0,3,0,4,40.44725619674634,36,11,25,2,0,Cohort A (Age < 30)
25,0,2,7,3,1.7655293313452716,0,49,20,2,0,Cohort A (Age < 30)
22,0,3,10,3,40.028636291047,49,36,23,2,0,Cohort A (Age < 30)
24,1,1,6,1,3.361243824737741,61,71,1,2,0,Cohort A (Age < 30)
29,1,2,0,1,48.79515861940912,35,76,41,1,0,Cohort A (Age < 30)
26,0,4,11,4,4.520268120125708,55,28,33,2,0,Cohort A (Age < 30)
26,1,1,15,3,25.664041366928004,12,79,96,2,0,Cohort A (Age < 30)
23,1,2,15,1,11.775642877388442,30,100,33,2,0,Cohort A (Age < 30)
29,1,1,1,1,12.053577640699592,85,89,72,2,0,Cohort A (Age < 30)
22,1,2,12,3,37.460547425042655,36,80,69,2,0,Cohort A (Age < 30)
28,1,2,13,3,26.01452593390898,46,63,17,1,1,Cohort A (Age < 30)
23,0,2,10,3,1.5275818407950272,68,33,39,1,0,Cohort A (Age < 30)
21,0,2,4,1,45.593656500420494,31,6,98,2,0,Cohort A (Age < 30)
27,0,2,6,5,17.387361294806407,63,79,41,1,1,Cohort A (Age < 30)
27,1,1,0,5,6.7802805305756095,70,36,80,1,0,Cohort A (Age < 30)
29,0,4,14,1,34.65556740622643,80,47,99,2,1,Cohort A (Age < 30)
28,0,2,8,3,50.53744046966094,29,83,6,2,0,Cohort A (Age < 30)
24,1,2,3,5,45.14115813392469,20,25,4,1,0,Cohort A (Age < 30)
25,1,2,9,5,24.649529684907638,59,82,23,2,0,Cohort A (Age < 30)
21,1,2,4,5,24.10196714197778,64,41,16,2,0,Cohort A (Age < 30)
25,0,2,0,2,45.97563825481549,76,6,89,1,1,Cohort A (Age < 30)
24,0,2,8,3,48.04399531707424,58,34,14,2,0,Cohort A (Age < 30)
20,1,4,8,1,34.221189329633894,32,64,47,2,0,Cohort A (Age < 30)
25,0,3,11,4,39.75409001695596,56,58,2,3,0,Cohort A (Age < 30)
25,1,2,2,2,32.09683668783546,48,78,64,2,0,Cohort A (Age < 30)
23,0,3,15,3,28.06018828856492,48,51,25,2,0,Cohort A (Age < 30)
28,0,3,8,4,5.257181827804107,64,58,76,3,1,Cohort A (Age < 30)
22,1,3,7,5,38.2298487981538,0,61,88,1,1,Cohort A (Age < 30)
27,1,3,11,2,50.63127742264352,48,17,99,2,0,Cohort A (Age < 30)
24,1,2,0,5,35.916898563970136,18,98,62,1,1,Cohort A (Age < 30)
23,0,2,10,1,15.689723532716377,59,80,51,1,1,Cohort A (Age < 30)
25,0,1,13,4,19.58634923082303,1,65,5,2,0,Cohort A (Age < 30)
21,0,4,2,3,1.8856925304694507,72,12,26,2,0,Cohort A (Age < 30)
23,0,2,14,5,9.180824437127754,35,68,47,2,0,Cohort A (Age < 30)
25,0,2,0,1,26.19565126903,16,36,45,2,0,Cohort A (Age < 30)
25,1,2,4,1,45.43210569182586,49,34,70,3,0,Cohort A (Age < 30)
21,1,2,5,3,18.10932028793287,49,93,2,2,0,Cohort A (Age < 30)
27,1,3,5,1,16.72820754636826,49,32,18,2,0,Cohort A (Age < 30)
24,0,3,5,2,4.83616997280114,32,16,9,3,0,Cohort A (Age < 30)
25,0,3,7,3,22.31488587017129,79,39,32,2,0,Cohort A (Age < 30)
23,1,1,2,5,16.77081956293417,23,7,50,3,0,Cohort A (Age < 30)
20,0,2,7,2,12.874302118109991,93,58,23,1,1,Cohort A (Age < 30)
20,0,3,14,1,5.719873795192958,72,82,53,2,1,Cohort A (Age < 30)
25,0,4,6,3,39.122226096955,16,38,98,2,0,Cohort A (Age < 30)
24,1,3,11,2,46.01561197872454,88,75,67,2,1,Cohort A (Age < 30)
23,0,3,2,3,32.7713960351486,93,70,35,2,0,Cohort A (Age < 30)
22,0,2,11,3,44.41015378894895,85,74,42,2,0,Cohort A (Age < 30)
20,1,2,1,2,21.70657572895492,73,70,11,1,1,Cohort A (Age < 30)
25,0,2,5,2,35.893219767607214,60,28,10,1,0,Cohort A (Age < 30)
29,1,2,2,2,9.766712068842995,90,72,90,2,0,Cohort A (Age < 30)
24,0,2,3,5,1.5057215830417905,11,99,40,2,0,Cohort A (Age < 30)
29,1,2,5,4,39.79361447720633,30,73,2,2,0,Cohort A (Age < 30)
21,0,3,0,1,23.375012390521416,31,55,83,2,0,Cohort A (Age < 30)
27,0,3,3,2,46.981745401403714,52,16,22,3,0,Cohort A (Age < 30)
21,1,3,9,1,16.559736890200462,60,8,47,1,1,Cohort A (Age < 30)
20,0,3,3,3,43.424110496686986,84,33,41,1,1,Cohort A (Age < 30)
24,0,2,15,1,28.079846139924346,79,87,39,2,0,Cohort A (Age < 30)
28,0,1,0,5,32.47118555585503,6,8,5,3,0,Cohort A (Age < 30)
28,1,4,3,1,41.04013439892623,90,15,10,1,1,Cohort A (Age < 30)
25,1,2,2,1,46.79674812555768,74,75,12,1,1,Cohort A (Age < 30)
22,0,2,11,1,10.6345547346484,35,41,34,2,0,Cohort A (Age < 30)
24,0,1,7,5,36.90508689780113,74,73,20,1,1,Cohort A (Age < 30)
28,1,3,14,5,37.64387264419492,3,98,59,2,1,Cohort A (Age < 30)
21,1,2,11,1,26.417774378229613,79,39,22,2,0,Cohort A (Age < 30)
22,1,3,7,2,14.305397808464958,84,1,28,3,0,Cohort A (Age < 30)
22,1,2,15,4,42.6595829892727,25,49,46,1,0,Cohort A (Age < 30)
20,1,2,1,5,22.33951860969597,99,40,29,2,0,Cohort A (Age < 30)
27,1,1,3,5,33.43675694378671,18,44,89,3,0,Cohort A (Age < 30)
27,1,2,8,1,23.14755053739664,21,46,26,2,1,Cohort A (Age < 30)
28,0,2,15,4,43.45218795892984,62,75,86,3,0,Cohort A (Age < 30)
24,0,1,7,2,23.18228743992861,27,0,92,1,0,Cohort A (Age < 30)
22,0,1,6,4,40.81428414714005,42,18,9,2,1,Cohort A (Age < 30)
24,1,2,12,5,49.01090361914123,65,30,79,2,1,Cohort A (Age < 30)
24,1,2,8,3,34.01679152570638,16,66,16,1,1,Cohort A (Age < 30)
23,1,1,13,2,11.41388375767729,76,57,63,2,0,Cohort A (Age < 30)
29,0,3,8,2,7.280780657811796,79,86,25,2,1,Cohort A (Age < 30)
27,1,2,15,2,39.74642361529775,71,88,6,2,0,Cohort A (Age < 30)
27,0,1,7,5,37.76256081533968,42,90,15,1,1,Cohort A (Age < 30)
26,0,1,9,3,40.86684028249813,41,57,54,2,1,Cohort A (Age < 30)
27,0,1,2,2,14.470894466478583,76,62,77,1,0,Cohort A (Age < 30)
25,0,3,2,1,30.337405948367145,66,23,99,1,1,Cohort A (Age < 30)
20,1,2,9,4,6.145254417100031,29,71,47,2,1,Cohort A (Age < 30)
20,0,2,14,3,25.644814279230136,8,82,79,2,1,Cohort A (Age < 30)
20,1,1,8,2,13.607197791947176,85,23,37,2,0,Cohort A (Age < 30)
21,1,2,9,4,31.893332720601837,86,39,47,3,1,Cohort A (Age < 30)
27,0,2,6,5,48.72113901605369,74,68,28,1,1,Cohort A (Age < 30)
27,1,2,14,1,44.70844607410342,30,13,77,1,0,Cohort A (Age < 30)
26,1,4,3,1,36.682603724687134,77,49,43,1,1,Cohort A (Age < 30)
25,1,3,6,2,33.84076155442245,10,3,41,1,1,Cohort A (Age < 30)
25,1,1,3,5,10.910313261775984,32,71,99,3,0,Cohort A (Age < 30)
22,0,3,6,4,8.200161195991106,6,87,12,2,0,Cohort A (Age < 30)
26,0,2,15,4,50.97339471012901,30,74,45,2,0,Cohort A (Age < 30)
27,0,1,15,3,22.549393632859527,46,84,32,3,1,Cohort A (Age < 30)
29,1,2,0,2,15.408226144197569,77,56,20,1,1,Cohort A (Age < 30)
20,0,2,2,5,25.95849166313309,80,90,69,2,1,Cohort A (Age < 30)
26,0,1,8,4,37.06122337494583,48,32,75,2,0,Cohort A (Age < 30)
23,1,3,0,5,35.2600726884933,49,46,32,2,0,Cohort A (Age < 30)
25,1,2,5,3,35.55529350269256,94,71,32,1,0,Cohort A (Age < 30)
20,1,3,13,4,48.40992533715337,22,33,20,3,1,Cohort A (Age < 30)
24,0,2,0,4,36.11624897098534,68,13,90,2,0,Cohort A (Age < 30)
20,0,2,12,1,14.069865828019744,35,72,61,2,1,Cohort A (Age < 30)
23,0,2,9,2,37.3151750184409,57,80,25,2,1,Cohort A (Age < 30)
21,1,3,13,2,23.45416963380567,54,69,11,1,1,Cohort A (Age < 30)
29,0,4,3,5,40.82258847689047,56,18,21,2,1,Cohort A (Age < 30)
24,0,2,14,4,28.353149545922108,16,40,16,2,1,Cohort A (Age < 30)
29,0,1,8,2,38.68841010225262,89,28,67,2,1,Cohort A (Age < 30)
20,0,1,4,2,32.10045944044903,67,69,36,3,1,Cohort A (Age < 30)
25,0,2,8,5,38.48071421938867,44,88,95,2,0,Cohort A (Age < 30)
23,0,2,0,4,21.29060461001358,82,15,41,2,1,Cohort A (Age < 30)
27,1,2,10,3,14.847730906230494,43,97,7,2,0,Cohort A (Age < 30)
24,1,1,1,2,4.2899108897619485,31,91,58,1,1,Cohort A (Age < 30)
43,1,2,14,1,40.45114222740671,34,63,10,2,0,Cohort B (Age > 40 & Exp > 10)
49,1,2,12,4,36.21676579785903,22,36,76,1,1,Cohort B (Age > 40 & Exp > 10)
45,1,4,11,5,5.635740540513495,11,92,30,1,1,Cohort B (Age > 40 & Exp > 10)
41,0,3,13,4,27.61114374280969,33,89,91,3,1,Cohort B (Age > 40 & Exp > 10)
47,1,2,11,5,45.91776375838327,56,22,23,2,0,Cohort B (Age > 40 & Exp > 10)
44,0,1,14,5,41.25584256580888,74,21,36,2,0,Cohort B (Age > 40 & Exp > 10)
41,0,2,11,3,24.31266407639177,76,2,4,3,0,Cohort B (Age > 40 & Exp > 10)
50,0,4,12,4,21.1153520691186,83,51,31,2,1,Cohort B (Age > 40 & Exp > 10)
43,0,1,12,2,35.25872566388903,76,55,43,2,0,Cohort B (Age > 40 & Exp > 10)
44,0,3,13,5,16.86944250139426,20,32,87,2,0,Cohort B (Age > 40 & Exp > 10)
43,1,2,15,3,6.118354229160466,15,97,12,3,0,Cohort B (Age > 40 & Exp > 10)
45,1,4,14,2,36.96172095220734,90,61,53,2,1,Cohort B (Age > 40 & Exp > 10)
42,0,2,11,3,19.64999177834315,62,15,96,2,0,Cohort B (Age > 40 & Exp > 10)
41,1,1,12,1,43.36347049813619,43,12,58,2,0,Cohort B (Age > 40 & Exp > 10)
45,0,2,14,5,2.869849520439865,74,63,8,3,0,Cohort B (Age > 40 & Exp > 10)
49,0,2,15,3,16.515355789584873,24,83,33,3,0,Cohort B (Age > 40 & Exp > 10)
47,1,3,13,4,12.519331969294472,51,95,84,2,1,Cohort B (Age > 40 & Exp > 10)
49,1,1,12,2,6.911919623607026,17,54,55,1,1,Cohort B (Age > 40 & Exp > 10)
44,1,1,11,4,17.947238767422434,30,56,56,2,0,Cohort B (Age > 40 & Exp > 10)
43,0,2,14,4,44.18205262085781,81,20,14,3,0,Cohort B (Age > 40 & Exp > 10)
43,0,1,14,5,2.520794040398399,97,72,40,1,1,Cohort B (Age > 40 & Exp > 10)
45,1,2,12,1,42.13514608586032,41,79,60,2,0,Cohort B (Age > 40 & Exp > 10)
49,1,1,15,2,26.13750958048061,64,0,52,2,0,Cohort B (Age > 40 & Exp > 10)
43,0,3,11,3,49.66304415152459,60,79,68,3,1,Cohort B (Age > 40 & Exp > 10)
49,1,2,15,4,36.28076523921465,13,39,43,2,0,Cohort B (Age > 40 & Exp > 10)
43,0,2,12,4,21.720419885924755,23,37,62,3,0,Cohort B (Age > 40 & Exp > 10)
46,0,1,14,2,47.79130667014114,76,40,67,2,0,Cohort B (Age > 40 & Exp > 10)
41,1,1,11,1,13.543673585805523,50,15,56,1,0,Cohort B (Age > 40 & Exp > 10)
47,1,2,12,4,47.5499309856292,53,63,4,2,0,Cohort B (Age > 40 & Exp > 10)
46,1,2,14,2,3.5253696191403274,38,90,74,1,1,Cohort B (Age > 40 & Exp > 10)
46,1,2,13,1,42.18227973765454,58,40,66,3,0,Cohort B (Age > 40 & Exp > 10)
45,0,4,15,4,42.029589466207405,46,32,42,2,0,Cohort B (Age > 40 & Exp > 10)
44,0,2,12,2,34.985238928841696,21,68,22,2,0,Cohort B (Age > 40 & Exp > 10)
45,1,1,11,3,44.35886772256761,44,88,87,2,0,Cohort B (Age > 40 & Exp > 10)
44,1,3,15,2,12.835765292243488,8,15,44,2,0,Cohort B (Age > 40 & Exp > 10)
47,1,3,13,2,5.84893812580477,17,97,44,1,1,Cohort B (Age > 40 & Exp > 10)
49,0,2,12,5,3.9525072229135976,5,80,16,2,0,Cohort B (Age > 40 & Exp > 10)
46,1,2,12,1,5.527973380046024,79,72,52,1,1,Cohort B (Age > 40 & Exp > 10)
42,0,2,15,5,34.4001625371507,68,51,30,2,0,Cohort B (Age > 40 & Exp > 10)
49,1,1,13,2,4.9802538496252815,36,29,77,1,1,Cohort B (Age > 40 & Exp > 10)
48,1,2,11,4,28.51756394193755,9,46,59,1,0,Cohort B (Age > 40 & Exp > 10)
43,0,2,14,4,12.515961234143878,21,4,92,2,0,Cohort B (Age > 40 & Exp > 10)
46,0,3,14,4,1.3398274293055892,90,34,14,2,0,Cohort B (Age > 40 & Exp > 10)
41,1,2,13,2,26.704096038309267,33,66,89,3,0,Cohort B (Age > 40 & Exp > 10)
41,0,4,12,4,25.802136300829154,36,28,97,1,1,Cohort B (Age > 40 & Exp > 10)
47,0,2,12,2,21.869581200305014,35,14,10,3,0,Cohort B (Age > 40 & Exp > 10)
47,1,3,15,4,6.951065224657054,25,79,77,2,1,Cohort B (Age > 40 & Exp > 10)
50,1,2,13,4,38.33016023221019,3,77,22,2,0,Cohort B (Age > 40 & Exp > 10)
50,0,2,12,2,32.781599932002,86,94,25,1,1,Cohort B (Age > 40 & Exp > 10)
42,1,1,12,3,12.2919816111696,32,26,3,3,0,Cohort B (Age > 40 & Exp > 10)
50,0,2,15,2,41.80461764571307,64,50,79,2,0,Cohort B (Age > 40 & Exp > 10)
48,1,1,12,4,33.62379777536161,20,1,100,2,0,Cohort B (Age > 40 & Exp > 10)
44,1,2,13,3,9.177689726509367,29,58,39,1,1,Cohort B (Age > 40 & Exp > 10)
44,0,2,15,2,22.932450921799223,72,43,85,2,0,Cohort B (Age > 40 & Exp > 10)
42,0,2,14,2,15.8268794810131,86,60,9,3,0,Cohort B (Age > 40 & Exp > 10)
42,0,3,12,3,6.160832443949981,73,75,36,2,1,Cohort B (Age > 40 & Exp > 10)
44,1,1,12,4,34.346770877860855,1,37,78,2,0,Cohort B (Age > 40 & Exp > 10)
50,0,2,14,3,46.53324976919442,65,41,93,2,0,Cohort B (Age > 40 & Exp > 10)
48,0,2,15,4,7.454309757123089,15,45,100,1,1,Cohort B (Age > 40 & Exp > 10)
41,1,4,12,3,38.114937836697216,75,85,97,2,1,Cohort B (Age > 40 & Exp > 10)
41,0,2,12,1,32.075936201702426,47,17,47,2,0,Cohort B (Age > 40 & Exp > 10)
41,1,3,15,5,42.057121236017366,7,71,91,2,1,Cohort B (Age > 40 & Exp > 10)
47,1,1,11,1,9.530056231082217,42,49,1,2,0,Cohort B (Age > 40 & Exp > 10)
42,0,1,15,3,5.588880323558792,30,64,10,1,1,Cohort B (Age > 40 & Exp > 10)
45,0,2,12,5,20.89801731903786,74,43,34,3,0,Cohort B (Age > 40 & Exp > 10)
42,0,2,15,1,46.693814516089816,55,39,14,2,0,Cohort B (Age > 40 & Exp > 10)
45,0,1,15,2,3.8547168953971855,40,12,66,2,0,Cohort B (Age > 40 & Exp > 10)
41,0,2,11,4,7.984618630146933,88,32,1,3,0,Cohort B (Age > 40 & Exp > 10)
44,0,4,14,1,49.6396850828222,65,2,100,3,0,Cohort B (Age > 40 & Exp > 10)
48,1,2,15,1,29.638026647754337,40,69,53,2,0,Cohort B (Age > 40 & Exp > 10)
50,0,3,14,3,47.8830730308296,30,56,66,1,1,Cohort B (Age > 40 & Exp > 10)
48,0,2,15,1,34.583011549894934,53,15,24,1,0,Cohort B (Age > 40 & Exp > 10)
44,1,2,11,4,27.352507824628184,27,30,30,2,0,Cohort B (Age > 40 & Exp > 10)
47,1,3,12,3,38.65594235898371,73,29,20,2,0,Cohort B (Age > 40 & Exp > 10)
45,0,1,13,2,28.0681319198066,79,100,53,2,0,Cohort B (Age > 40 & Exp > 10)
49,1,1,14,4,42.9199819046095,28,62,15,3,0,Cohort B (Age > 40 & Exp > 10)
49,0,3,15,4,36.78103584858929,17,95,89,2,1,Cohort B (Age > 40 & Exp > 10)
41,1,3,11,1,35.693158093786614,53,70,43,2,0,Cohort B (Age > 40 & Exp > 10)
50,0,1,13,4,26.641768121757103,81,34,52,1,1,Cohort B (Age > 40 & Exp > 10)
45,0,2,13,5,17.116241223471246,18,67,7,1,1,Cohort B (Age > 40 & Exp > 10)
43,1,2,13,3,48.51535068680906,85,37,57,2,0,Cohort B (Age > 40 & Exp > 10)
47,1,4,15,1,48.69683762632044,8,100,95,1,1,Cohort B (Age > 40 & Exp > 10)
46,0,3,11,3,11.495902287402576,61,85,51,3,0,Cohort B (Age > 40 & Exp > 10)
50,0,3,11,5,46.30687680637397,51,14,79,1,1,Cohort B (Age > 40 & Exp > 10)
45,1,2,12,4,31.684159386437177,76,79,19,1,1,Cohort B (Age > 40 & Exp > 10)
48,0,2,15,1,28.283433248431734,25,43,6,2,0,Cohort B (Age > 40 & Exp > 10)
49,0,2,11,5,24.45298721950595,57,31,92,1,1,Cohort B (Age > 40 & Exp > 10)
43,0,1,14,2,28.2491139050009,57,16,44,2,0,Cohort B (Age > 40 & Exp > 10)
48,1,4,12,4,7.230753159456237,83,51,96,3,1,Cohort B (Age > 40 & Exp > 10)
42,1,1,12,5,35.282587463259965,7,78,99,2,0,Cohort B (Age > 40 & Exp > 10)
49,0,1,14,5,12.313866707190352,2,17,93,1,1,Cohort B (Age > 40 & Exp > 10)
42,0,2,12,4,41.85535495833806,58,34,18,1,0,Cohort B (Age > 40 & Exp > 10)
49,0,2,14,1,4.9150835239778745,48,14,20,2,0,Cohort B (Age > 40 & Exp > 10)
49,1,3,12,4,23.46372734783249,29,34,48,1,1,Cohort B (Age > 40 & Exp > 10)
48,1,3,14,1,16.78605648852443,61,79,36,1,1,Cohort B (Age > 40 & Exp > 10)
50,1,1,13,1,49.9901767690469,43,10,45,2,0,Cohort B (Age > 40 & Exp > 10)
45,1,2,12,2,11.187774292497188,54,66,94,2,0,Cohort B (Age > 40 & Exp > 10)
48,1,2,14,2,35.48956236564331,80,99,94,1,1,Cohort B (Age > 40 & Exp > 10)
47,1,1,11,3,18.586005567282616,67,25,15,3,0,Cohort B (Age > 40 & Exp > 10)
47,1,2,14,1,30.881621993445016,9,52,13,2,0,Cohort B (Age > 40 & Exp > 10)
48,1,1,12,2,2.4584946145371647,19,2,88,3,0,Cohort B (Age > 40 & Exp > 10)
50,0,1,13,5,28.061910721691508,74,42,22,2,0,Cohort B (Age > 40 & Exp > 10)
47,0,2,14,2,44.44795525104481,20,98,51,3,0,Cohort B (Age > 40 & Exp > 10)
45,0,2,11,5,13.517013369069302,98,12,99,1,1,Cohort B (Age > 40 & Exp > 10)
48,1,1,12,5,47.74465232772543,0,60,45,2,0,Cohort B (Age > 40 & Exp > 10)
41,0,4,15,1,49.11064550579724,89,29,67,3,1,Cohort B (Age > 40 & Exp > 10)
42,1,3,15,2,49.64220793300112,13,16,4,2,0,Cohort B (Age > 40 & Exp > 10)
44,1,3,13,3,1.243420382775161,92,25,63,3,1,Cohort B (Age > 40 & Exp > 10)
47,1,4,15,5,41.02680525633738,73,26,84,2,1,Cohort B (Age > 40 & Exp > 10)
45,0,1,14,1,19.30565589643756,67,34,67,2,0,Cohort B (Age > 40 & Exp > 10)
47,1,4,11,4,7.965116935395716,87,60,73,3,1,Cohort B (Age > 40 & Exp > 10)
44,1,1,13,1,8.39262189311919,64,87,0,2,0,Cohort B (Age > 40 & Exp > 10)
44,0,3,13,3,34.366592483384665,6,56,60,3,0,Cohort B (Age > 40 & Exp > 10)
50,1,1,13,5,5.189548627413081,78,7,32,2,0,Cohort B (Age > 40 & Exp > 10)
42,1,3,13,3,14.311575074940512,55,85,82,1,1,Cohort B (Age > 40 & Exp > 10)
47,1,1,11,3,6.972444198214289,67,38,0,3,0,Cohort B (Age > 40 & Exp > 10)
50,0,2,11,4,11.32672019860032,22,51,69,2,0,Cohort B (Age > 40 & Exp > 10)
42,1,2,15,3,41.75076583380741,85,55,98,3,1,Cohort B (Age > 40 & Exp > 10)
49,1,2,14,2,17.002836344264548,22,40,61,1,1,Cohort B (Age > 40 & Exp > 10)
47,1,3,15,2,3.225451963808567,30,9,25,2,0,Cohort B (Age > 40 & Exp > 10)
50,0,2,13,2,15.45683592093805,70,14,25,2,0,Cohort B (Age > 40 & Exp > 10)
41,0,1,15,1,4.946492751920616,96,59,79,1,1,Cohort B (Age > 40 & Exp > 10)
41,1,3,13,3,10.583565941513717,20,8,80,2,0,Cohort B (Age > 40 & Exp > 10)
41,1,2,13,3,40.84307851380955,34,50,95,3,0,Cohort B (Age > 40 & Exp > 10)
46,0,2,14,3,28.70938255023956,96,79,17,3,0,Cohort B (Age > 40 & Exp > 10)
44,0,1,14,3,30.395116244740727,31,67,65,1,1,Cohort B (Age > 40 & Exp > 10)
47,1,3,11,4,35.47915327666149,100,64,47,2,1,Cohort B (Age > 40 & Exp > 10)
49,1,4,14,1,17.4380063777225,91,71,80,1,1,Cohort B (Age > 40 & Exp > 10)
50,0,3,12,1,14.79744140785938,52,9,61,3,0,Cohort B (Age > 40 & Exp > 10)
42,0,2,12,5,30.171310757204555,75,41,91,2,0,Cohort B (Age > 40 & Exp > 10)
48,1,2,11,2,42.04596068065001,82,65,12,2,0,Cohort B (Age > 40 & Exp > 10)
43,0,2,11,2,15.089867519824622,44,18,62,1,1,Cohort B (Age > 40 & Exp > 10)
47,1,2,15,1,7.178324370078808,28,17,28,3,0,Cohort B (Age > 40 & Exp > 10)
43,0,2,15,5,30.16380985695483,67,84,42,2,0,Cohort B (Age > 40 & Exp > 10)
49,0,1,13,1,23.678640480758737,94,29,11,2,0,Cohort B (Age > 40 & Exp > 10)
42,0,2,12,1,31.142319019781823,26,1,64,1,1,Cohort B (Age > 40 & Exp > 10)
50,1,3,11,1,6.757789370143518,17,61,57,2,0,Cohort B (Age > 40 & Exp > 10)
41,1,3,13,4,34.34828517435909,0,51,76,1,1,Cohort B (Age > 40 & Exp > 10)
45,0,2,13,1,4.083729181047873,26,69,49,1,1,Cohort B (Age > 40 & Exp > 10)
44,0,2,15,4,16.131159146437753,70,18,64,2,0,Cohort B (Age > 40 & Exp > 10)
44,1,2,11,5,14.966974263827977,46,88,47,2,0,Cohort B (Age > 40 & Exp > 10)
43,1,2,14,3,45.27797217928157,10,80,43,1,1,Cohort B (Age > 40 & Exp > 10)
49,1,2,12,3,1.5005205279568214,89,46,18,1,1,Cohort B (Age > 40 & Exp > 10)
45,1,2,14,4,25.955432905380327,3,61,93,2,0,Cohort B (Age > 40 & Exp > 10)
43,0,3,12,5,50.99246222432001,27,56,89,1,1,Cohort B (Age > 40 & Exp > 10)
41,1,3,12,2,1.1092071428624386,59,5,54,3,0,Cohort B (Age > 40 & Exp > 10)
47,1,4,12,1,6.241787360299566,25,30,59,3,0,Cohort B (Age > 40 & Exp > 10)
42,1,2,12,1,19.964169586377228,58,79,100,2,0,Cohort B (Age > 40 & Exp > 10)
44,1,4,14,2,8.957954199691493,0,32,46,1,1,Cohort B (Age > 40 & Exp > 10)
44,0,3,12,2,34.291541382593124,55,73,36,2,0,Cohort B (Age > 40 & Exp > 10)
41,1,4,13,5,28.84193473451205,35,83,59,2,0,Cohort B (Age > 40 & Exp > 10)
45,0,1,14,3,10.528802325859692,0,20,61,3,0,Cohort B (Age > 40 & Exp > 10)
43,1,1,15,4,3.5426711817910563,37,57,19,2,0,Cohort B (Age > 40 & Exp > 10)
41,0,2,14,4,42.777011227185376,40,98,12,2,0,Cohort B (Age > 40 & Exp > 10)
49,0,3,14,2,4.122213748696207,64,20,33,2,0,Cohort B (Age > 40 & Exp > 10)
49,0,2,11,5,20.19735044520776,11,70,8,2,0,Cohort B (Age > 40 & Exp > 10)
50,1,3,12,5,8.08086224933086,87,95,12,1,1,Cohort B (Age > 40 & Exp > 10)
43,1,2,13,4,6.12481645946064,5,31,68,3,0,Cohort B (Age > 40 & Exp > 10)
50,0,2,13,3,36.89352902759643,2,85,3,3,0,Cohort B (Age > 40 & Exp > 10)
41,1,2,15,5,1.6756821153091286,48,36,96,2,0,Cohort B (Age > 40 & Exp > 10)
49,1,1,12,2,31.054558369815137,59,2,94,3,0,Cohort B (Age > 40 & Exp > 10)
43,1,2,13,2,4.005427803919791,30,10,20,3,0,Cohort B (Age > 40 & Exp > 10)
50,0,2,13,1,34.87316771199867,53,11,85,1,1,Cohort B (Age > 40 & Exp > 10)
47,0,3,11,2,48.38847910160741,98,49,30,1,0,Cohort B (Age > 40 & Exp > 10)
47,1,4,11,1,32.687704359516815,44,61,37,2,0,Cohort B (Age > 40 & Exp > 10)
47,0,2,14,4,23.018711151260533,43,21,58,1,0,Cohort B (Age > 40 & Exp > 10)
50,1,1,15,4,20.362302410173747,18,36,35,2,0,Cohort B (Age > 40 & Exp > 10)
42,1,2,11,4,4.77666345784538,60,99,61,1,0,Cohort B (Age > 40 & Exp > 10)
48,0,2,13,1,2.6428348870198173,18,44,68,2,1,Cohort B (Age > 40 & Exp > 10)
48,1,2,12,1,25.337552417615772,53,52,26,2,0,Cohort B (Age > 40 & Exp > 10)
49,0,1,14,5,48.32992863891693,2,73,95,1,0,Cohort B (Age > 40 & Exp > 10)
46,1,2,13,4,33.497604908294456,38,52,6,2,1,Cohort B (Age > 40 & Exp > 10)
43,1,2,15,3,6.619296614576292,51,79,23,2,0,Cohort B (Age > 40 & Exp > 10)
43,1,2,14,4,25.620087960216782,42,36,55,1,0,Cohort B (Age > 40 & Exp > 10)
